"","start_year","end_year","budget_type","money","type","start_planned_outtrun","start_year_value","end_planned_outtrun","end_year_value","cagr"
"1",2013,2014,"dhsc_tdel","real_values","fyear","outtrun",155173.232921124,"outtrun",157952.858915521,0.0179130507373675
"2",2013,2015,"dhsc_tdel","real_values","fyear","outtrun",155173.232921124,"outtrun",162291.874526325,0.0226805210700787
"3",2014,2015,"dhsc_tdel","real_values","fyear","outtrun",157952.858915521,"outtrun",162291.874526325,0.0274703201992983
"4",2013,2016,"dhsc_tdel","real_values","fyear","outtrun",155173.232921124,"outtrun",163672.71282698,0.0179344773145775
"5",2014,2016,"dhsc_tdel","real_values","fyear","outtrun",157952.858915521,"outtrun",163672.71282698,0.017945190772314
"6",2015,2016,"dhsc_tdel","real_values","fyear","outtrun",162291.874526325,"outtrun",163672.71282698,0.00850836374085118
"7",2013,2017,"dhsc_tdel","real_values","fyear","outtrun",155173.232921124,"outtrun",167672.910420982,0.0195570301610271
"8",2014,2017,"dhsc_tdel","real_values","fyear","outtrun",157952.858915521,"outtrun",167672.910420982,0.0201056131144686
"9",2015,2017,"dhsc_tdel","real_values","fyear","outtrun",162291.874526325,"outtrun",167672.910420982,0.0164430790791823
"10",2016,2017,"dhsc_tdel","real_values","fyear","outtrun",163672.71282698,"outtrun",167672.910420982,0.0244402229602643
"11",2013,2018,"dhsc_tdel","real_values","fyear","outtrun",155173.232921124,"outtrun",168268.495760337,0.0163357464031737
"12",2014,2018,"dhsc_tdel","real_values","fyear","outtrun",157952.858915521,"outtrun",168268.495760337,0.0159418023594686
"13",2015,2018,"dhsc_tdel","real_values","fyear","outtrun",162291.874526325,"outtrun",168268.495760337,0.0121277802777768
"14",2016,2018,"dhsc_tdel","real_values","fyear","outtrun",163672.71282698,"outtrun",168268.495760337,0.0139423567572667
"15",2017,2018,"dhsc_tdel","real_values","fyear","outtrun",167672.910420982,"outtrun",168268.495760337,0.00355206656734075
"16",2013,2019,"dhsc_tdel","real_values","fyear","outtrun",155173.232921124,"outtrun",176697.17749322,0.0218852580678093
"17",2014,2019,"dhsc_tdel","real_values","fyear","outtrun",157952.858915521,"outtrun",176697.17749322,0.0226815576934607
"18",2015,2019,"dhsc_tdel","real_values","fyear","outtrun",162291.874526325,"outtrun",176697.17749322,0.0214878585031963
"19",2016,2019,"dhsc_tdel","real_values","fyear","outtrun",163672.71282698,"outtrun",176697.17749322,0.0258513724882938
"20",2017,2019,"dhsc_tdel","real_values","fyear","outtrun",167672.910420982,"outtrun",176697.17749322,0.0265576760232542
"21",2018,2019,"dhsc_tdel","real_values","fyear","outtrun",168268.495760337,"outtrun",176697.17749322,0.0500906702398289
"22",2013,2020,"dhsc_tdel","real_values","fyear","outtrun",155173.232921124,"outtrun",231205.509211682,0.0586202463132091
"23",2014,2020,"dhsc_tdel","real_values","fyear","outtrun",157952.858915521,"outtrun",231205.509211682,0.0655613217745386
"24",2015,2020,"dhsc_tdel","real_values","fyear","outtrun",162291.874526325,"outtrun",231205.509211682,0.0733473301440093
"25",2016,2020,"dhsc_tdel","real_values","fyear","outtrun",163672.71282698,"outtrun",231205.509211682,0.090198234513003
"26",2017,2020,"dhsc_tdel","real_values","fyear","outtrun",167672.910420982,"outtrun",231205.509211682,0.113042528013708
"27",2018,2020,"dhsc_tdel","real_values","fyear","outtrun",168268.495760337,"outtrun",231205.509211682,0.172189111752235
"28",2019,2020,"dhsc_tdel","real_values","fyear","outtrun",176697.17749322,"outtrun",231205.509211682,0.308484450582426
"29",2013,2021,"dhsc_tdel","real_values","fyear","outtrun",155173.232921124,"outtrun",274801.523122152,0.0740519573107705
"30",2014,2021,"dhsc_tdel","real_values","fyear","outtrun",157952.858915521,"outtrun",274801.523122152,0.0823206615427718
"31",2015,2021,"dhsc_tdel","real_values","fyear","outtrun",162291.874526325,"outtrun",274801.523122152,0.0917429425785603
"32",2016,2021,"dhsc_tdel","real_values","fyear","outtrun",163672.71282698,"outtrun",274801.523122152,0.109196705421781
"33",2017,2021,"dhsc_tdel","real_values","fyear","outtrun",167672.910420982,"outtrun",274801.523122152,0.131459617144616
"34",2018,2021,"dhsc_tdel","real_values","fyear","outtrun",168268.495760337,"outtrun",274801.523122152,0.177620727239576
"35",2019,2021,"dhsc_tdel","real_values","fyear","outtrun",176697.17749322,"outtrun",274801.523122152,0.247081284500611
"36",2020,2021,"dhsc_tdel","real_values","fyear","outtrun",231205.509211682,"outtrun",274801.523122152,0.188559580864292
"37",2013,2022,"dhsc_tdel","real_values","fyear","outtrun",155173.232921124,"outtrun",233416.648811756,0.0464094884387436
"38",2014,2022,"dhsc_tdel","real_values","fyear","outtrun",157952.858915521,"outtrun",233416.648811756,0.0500271833305106
"39",2015,2022,"dhsc_tdel","real_values","fyear","outtrun",162291.874526325,"outtrun",233416.648811756,0.0532897665211698
"40",2016,2022,"dhsc_tdel","real_values","fyear","outtrun",163672.71282698,"outtrun",233416.648811756,0.0609443185590186
"41",2017,2022,"dhsc_tdel","real_values","fyear","outtrun",167672.910420982,"outtrun",233416.648811756,0.0683997687727129
"42",2018,2022,"dhsc_tdel","real_values","fyear","outtrun",168268.495760337,"outtrun",233416.648811756,0.0852561467323996
"43",2019,2022,"dhsc_tdel","real_values","fyear","outtrun",176697.17749322,"outtrun",233416.648811756,0.0972377454176532
"44",2020,2022,"dhsc_tdel","real_values","fyear","outtrun",231205.509211682,"outtrun",233416.648811756,0.00477038407212382
"45",2021,2022,"dhsc_tdel","real_values","fyear","outtrun",274801.523122152,"outtrun",233416.648811756,-0.150599144576065
"46",2013,2023,"dhsc_tdel","real_values","fyear","outtrun",155173.232921124,"outtrun",218084.960941701,0.0346200513112291
"47",2014,2023,"dhsc_tdel","real_values","fyear","outtrun",157952.858915521,"outtrun",218084.960941701,0.0364932296844196
"48",2015,2023,"dhsc_tdel","real_values","fyear","outtrun",162291.874526325,"outtrun",218084.960941701,0.037626650457474
"49",2016,2023,"dhsc_tdel","real_values","fyear","outtrun",163672.71282698,"outtrun",218084.960941701,0.0418544773385414
"50",2017,2023,"dhsc_tdel","real_values","fyear","outtrun",167672.910420982,"outtrun",218084.960941701,0.044785498082488
"51",2018,2023,"dhsc_tdel","real_values","fyear","outtrun",168268.495760337,"outtrun",218084.960941701,0.0532332985074546
"52",2019,2023,"dhsc_tdel","real_values","fyear","outtrun",176697.17749322,"outtrun",218084.960941701,0.0540204240090125
"53",2020,2023,"dhsc_tdel","real_values","fyear","outtrun",231205.509211682,"outtrun",218084.960941701,-0.0192856880756772
"54",2021,2023,"dhsc_tdel","real_values","fyear","outtrun",274801.523122152,"outtrun",218084.960941701,-0.109152652649247
"55",2022,2023,"dhsc_tdel","real_values","fyear","outtrun",233416.648811756,"outtrun",218084.960941701,-0.0656837802620487
"56",2013,2024,"dhsc_tdel","real_values","fyear","outtrun",155173.232921124,"planned",211433.12620912,0.0285234598428963
"57",2014,2024,"dhsc_tdel","real_values","fyear","outtrun",157952.858915521,"planned",211433.12620912,0.0295905648032224
"58",2015,2024,"dhsc_tdel","real_values","fyear","outtrun",162291.874526325,"planned",211433.12620912,0.0298264174490408
"59",2016,2024,"dhsc_tdel","real_values","fyear","outtrun",163672.71282698,"planned",211433.12620912,0.0325226653231256
"60",2017,2024,"dhsc_tdel","real_values","fyear","outtrun",167672.910420982,"planned",211433.12620912,0.0336824937559141
"61",2018,2024,"dhsc_tdel","real_values","fyear","outtrun",168268.495760337,"planned",211433.12620912,0.038791458122126
"62",2019,2024,"dhsc_tdel","real_values","fyear","outtrun",176697.17749322,"planned",211433.12620912,0.0365462476146079
"63",2020,2024,"dhsc_tdel","real_values","fyear","outtrun",231205.509211682,"planned",211433.12620912,-0.0221016502726179
"64",2021,2024,"dhsc_tdel","real_values","fyear","outtrun",274801.523122152,"planned",211433.12620912,-0.0836712801438643
"65",2022,2024,"dhsc_tdel","real_values","fyear","outtrun",233416.648811756,"planned",211433.12620912,-0.0482550067569529
"66",2023,2024,"dhsc_tdel","real_values","fyear","outtrun",218084.960941701,"planned",211433.12620912,-0.0305011161881963
"67",2013,2025,"dhsc_tdel","real_values","fyear","outtrun",155173.232921124,"planned",217000,0.028340429259426
"68",2014,2025,"dhsc_tdel","real_values","fyear","outtrun",157952.858915521,"planned",217000,0.0292936531005119
"69",2015,2025,"dhsc_tdel","real_values","fyear","outtrun",162291.874526325,"planned",217000,0.0294761642571773
"70",2016,2025,"dhsc_tdel","real_values","fyear","outtrun",163672.71282698,"planned",217000,0.0318326655537911
"71",2017,2025,"dhsc_tdel","real_values","fyear","outtrun",167672.910420982,"planned",217000,0.0327604637924785
"72",2018,2025,"dhsc_tdel","real_values","fyear","outtrun",168268.495760337,"planned",217000,0.0370019193555791
"73",2019,2025,"dhsc_tdel","real_values","fyear","outtrun",176697.17749322,"planned",217000,0.0348363772748437
"74",2020,2025,"dhsc_tdel","real_values","fyear","outtrun",231205.509211682,"planned",217000,-0.012601845637911
"75",2021,2025,"dhsc_tdel","real_values","fyear","outtrun",274801.523122152,"planned",217000,-0.0573289939728091
"76",2022,2025,"dhsc_tdel","real_values","fyear","outtrun",233416.648811756,"planned",217000,-0.0240161421682592
"77",2023,2025,"dhsc_tdel","real_values","fyear","outtrun",218084.960941701,"planned",217000,-0.00249057456705104
"78",2024,2025,"dhsc_tdel","real_values","fyear","planned",211433.12620912,"planned",217000,0.0263292412626679
"79",2013,2026,"dhsc_tdel","real_values","fyear","outtrun",155173.232921124,"planned",220967.953123478,0.0275634605083674
"80",2014,2026,"dhsc_tdel","real_values","fyear","outtrun",157952.858915521,"planned",220967.953123478,0.0283717792386029
"81",2015,2026,"dhsc_tdel","real_values","fyear","outtrun",162291.874526325,"planned",220967.953123478,0.0284537692682196
"82",2016,2026,"dhsc_tdel","real_values","fyear","outtrun",163672.71282698,"planned",220967.953123478,0.0304698777574666
"83",2017,2026,"dhsc_tdel","real_values","fyear","outtrun",167672.910420982,"planned",220967.953123478,0.0311420262935087
"84",2018,2026,"dhsc_tdel","real_values","fyear","outtrun",168268.495760337,"planned",220967.953123478,0.0346436818771405
"85",2019,2026,"dhsc_tdel","real_values","fyear","outtrun",176697.17749322,"planned",220967.953123478,0.0324555969326785
"86",2020,2026,"dhsc_tdel","real_values","fyear","outtrun",231205.509211682,"planned",220967.953123478,-0.00751979757187948
"87",2021,2026,"dhsc_tdel","real_values","fyear","outtrun",274801.523122152,"planned",220967.953123478,-0.04266920035459
"88",2022,2026,"dhsc_tdel","real_values","fyear","outtrun",233416.648811756,"planned",220967.953123478,-0.0136083986518579
"89",2023,2026,"dhsc_tdel","real_values","fyear","outtrun",218084.960941701,"planned",220967.953123478,0.00438725145042262
"90",2024,2026,"dhsc_tdel","real_values","fyear","planned",211433.12620912,"planned",220967.953123478,0.022299458487075
"91",2025,2026,"dhsc_tdel","real_values","fyear","planned",217000,"planned",220967.953123478,0.0182854982648752
"92",2013,2027,"dhsc_tdel","real_values","fyear","outtrun",155173.232921124,"planned",226086.663357637,0.0272486546284161
"93",2014,2027,"dhsc_tdel","real_values","fyear","outtrun",157952.858915521,"planned",226086.663357637,0.0279703144226198
"94",2015,2027,"dhsc_tdel","real_values","fyear","outtrun",162291.874526325,"planned",226086.663357637,0.0280119915890253
"95",2016,2027,"dhsc_tdel","real_values","fyear","outtrun",163672.71282698,"planned",226086.663357637,0.029803643313655
"96",2017,2027,"dhsc_tdel","real_values","fyear","outtrun",167672.910420982,"planned",226086.663357637,0.0303415273291212
"97",2018,2027,"dhsc_tdel","real_values","fyear","outtrun",168268.495760337,"planned",226086.663357637,0.0333619333919266
"98",2019,2027,"dhsc_tdel","real_values","fyear","outtrun",176697.17749322,"planned",226086.663357637,0.031289667389331
"99",2020,2027,"dhsc_tdel","real_values","fyear","outtrun",231205.509211682,"planned",226086.663357637,-0.00319325828982686
"100",2021,2027,"dhsc_tdel","real_values","fyear","outtrun",274801.523122152,"planned",226086.663357637,-0.031998638475478
"101",2022,2027,"dhsc_tdel","real_values","fyear","outtrun",233416.648811756,"planned",226086.663357637,-0.00636101395043698
"102",2023,2027,"dhsc_tdel","real_values","fyear","outtrun",218084.960941701,"planned",226086.663357637,0.00904911692195354
"103",2024,2027,"dhsc_tdel","real_values","fyear","planned",211433.12620912,"planned",226086.663357637,0.0225878722435351
"104",2025,2027,"dhsc_tdel","real_values","fyear","planned",217000,"planned",226086.663357637,0.0207223053747625
"105",2026,2027,"dhsc_tdel","real_values","fyear","planned",220967.953123478,"planned",226086.663357637,0.0231649438835067
"106",2013,2028,"dhsc_tdel","real_values","fyear","outtrun",155173.232921124,"planned",232236.825688446,0.0272455893459587
"107",2014,2028,"dhsc_tdel","real_values","fyear","outtrun",157952.858915521,"planned",232236.825688446,0.0279154641123935
"108",2015,2028,"dhsc_tdel","real_values","fyear","outtrun",162291.874526325,"planned",232236.825688446,0.0279497139388873
"109",2016,2028,"dhsc_tdel","real_values","fyear","outtrun",163672.71282698,"planned",232236.825688446,0.0295866447526829
"110",2017,2028,"dhsc_tdel","real_values","fyear","outtrun",167672.910420982,"planned",232236.825688446,0.0300557813381814
"111",2018,2028,"dhsc_tdel","real_values","fyear","outtrun",168268.495760337,"planned",232236.825688446,0.0327443493992163
"112",2019,2028,"dhsc_tdel","real_values","fyear","outtrun",176697.17749322,"planned",232236.825688446,0.0308347554352266
"113",2020,2028,"dhsc_tdel","real_values","fyear","outtrun",231205.509211682,"planned",232236.825688446,0.0005564905460127
"114",2021,2028,"dhsc_tdel","real_values","fyear","outtrun",274801.523122152,"planned",232236.825688446,-0.0237549379725652
"115",2022,2028,"dhsc_tdel","real_values","fyear","outtrun",233416.648811756,"planned",232236.825688446,-0.000844209719835343
"116",2023,2028,"dhsc_tdel","real_values","fyear","outtrun",218084.960941701,"planned",232236.825688446,0.0126539796334226
"117",2024,2028,"dhsc_tdel","real_values","fyear","planned",211433.12620912,"planned",232236.825688446,0.0237396259568727
"118",2025,2028,"dhsc_tdel","real_values","fyear","planned",217000,"planned",232236.825688446,0.0228778736855799
"119",2026,2028,"dhsc_tdel","real_values","fyear","planned",220967.953123478,"planned",232236.825688446,0.0251818222669713
"120",2027,2028,"dhsc_tdel","real_values","fyear","planned",226086.663357637,"planned",232236.825688446,0.0272026763519475
"121",2013,2014,"cdel","real_values","fyear","outtrun",7586.56106661508,"outtrun",6927.37801993079,-0.0868882542295809
"122",2013,2015,"cdel","real_values","fyear","outtrun",7586.56106661508,"outtrun",6439.35178725288,-0.078705248952874
"123",2014,2015,"cdel","real_values","fyear","outtrun",6927.37801993079,"outtrun",6439.35178725288,-0.0704489102909941
"124",2013,2016,"cdel","real_values","fyear","outtrun",7586.56106661508,"outtrun",6184.01180620745,-0.0658675676664384
"125",2014,2016,"cdel","real_values","fyear","outtrun",6927.37801993079,"outtrun",6184.01180620745,-0.0551764462539323
"126",2015,2016,"cdel","real_values","fyear","outtrun",6439.35178725288,"outtrun",6184.01180620745,-0.0396530566245651
"127",2013,2017,"cdel","real_values","fyear","outtrun",7586.56106661508,"outtrun",7017.40791320516,-0.0193073033136104
"128",2014,2017,"cdel","real_values","fyear","outtrun",6927.37801993079,"outtrun",7017.40791320516,0.00431344865788574
"129",2015,2017,"cdel","real_values","fyear","outtrun",6439.35178725288,"outtrun",7017.40791320516,0.0439201615345219
"130",2016,2017,"cdel","real_values","fyear","outtrun",6184.01180620745,"outtrun",7017.40791320516,0.134766254191358
"131",2013,2018,"cdel","real_values","fyear","outtrun",7586.56106661508,"outtrun",7785.93673722051,0.00520162625255138
"132",2014,2018,"cdel","real_values","fyear","outtrun",6927.37801993079,"outtrun",7785.93673722051,0.0296402131655185
"133",2015,2018,"cdel","real_values","fyear","outtrun",6439.35178725288,"outtrun",7785.93673722051,0.0653432854944325
"134",2016,2018,"cdel","real_values","fyear","outtrun",6184.01180620745,"outtrun",7785.93673722051,0.122070850545777
"135",2017,2018,"cdel","real_values","fyear","outtrun",7017.40791320516,"outtrun",7785.93673722051,0.109517479035122
"136",2013,2019,"cdel","real_values","fyear","outtrun",7586.56106661508,"outtrun",8952.52426846754,0.0279770638903656
"137",2014,2019,"cdel","real_values","fyear","outtrun",6927.37801993079,"outtrun",8952.52426846754,0.0526289836339737
"138",2015,2019,"cdel","real_values","fyear","outtrun",6439.35178725288,"outtrun",8952.52426846754,0.0858650095619837
"139",2016,2019,"cdel","real_values","fyear","outtrun",6184.01180620745,"outtrun",8952.52426846754,0.131249496653078
"140",2017,2019,"cdel","real_values","fyear","outtrun",7017.40791320516,"outtrun",8952.52426846754,0.129495207045155
"141",2018,2019,"cdel","real_values","fyear","outtrun",7785.93673722051,"outtrun",8952.52426846754,0.149832649637414
"142",2013,2020,"cdel","real_values","fyear","outtrun",7586.56106661508,"outtrun",15409.6573580883,0.106532065120417
"143",2014,2020,"cdel","real_values","fyear","outtrun",6927.37801993079,"outtrun",15409.6573580883,0.142538076698622
"144",2015,2020,"cdel","real_values","fyear","outtrun",6439.35178725288,"outtrun",15409.6573580883,0.190666586039639
"145",2016,2020,"cdel","real_values","fyear","outtrun",6184.01180620745,"outtrun",15409.6573580883,0.256407927557783
"146",2017,2020,"cdel","real_values","fyear","outtrun",7017.40791320516,"outtrun",15409.6573580883,0.299786693537409
"147",2018,2020,"cdel","real_values","fyear","outtrun",7785.93673722051,"outtrun",15409.6573580883,0.40682816923925
"148",2019,2020,"cdel","real_values","fyear","outtrun",8952.52426846754,"outtrun",15409.6573580883,0.721263958184842
"149",2013,2021,"cdel","real_values","fyear","outtrun",7586.56106661508,"outtrun",13380.6062125548,0.073504462148364
"150",2014,2021,"cdel","real_values","fyear","outtrun",6927.37801993079,"outtrun",13380.6062125548,0.098610747193171
"151",2015,2021,"cdel","real_values","fyear","outtrun",6439.35178725288,"outtrun",13380.6062125548,0.129637080406634
"152",2016,2021,"cdel","real_values","fyear","outtrun",6184.01180620745,"outtrun",13380.6062125548,0.166920033850225
"153",2017,2021,"cdel","real_values","fyear","outtrun",7017.40791320516,"outtrun",13380.6062125548,0.175099839273068
"154",2018,2021,"cdel","real_values","fyear","outtrun",7785.93673722051,"outtrun",13380.6062125548,0.197811025614516
"155",2019,2021,"cdel","real_values","fyear","outtrun",8952.52426846754,"outtrun",13380.6062125548,0.222545809532051
"156",2020,2021,"cdel","real_values","fyear","outtrun",15409.6573580883,"outtrun",13380.6062125548,-0.131673994974874
"157",2013,2022,"cdel","real_values","fyear","outtrun",7586.56106661508,"outtrun",12620.7536708162,0.0581811890112685
"158",2014,2022,"cdel","real_values","fyear","outtrun",6927.37801993079,"outtrun",12620.7536708162,0.0778654478939658
"159",2015,2022,"cdel","real_values","fyear","outtrun",6439.35178725288,"outtrun",12620.7536708162,0.100902910331018
"160",2016,2022,"cdel","real_values","fyear","outtrun",6184.01180620745,"outtrun",12620.7536708162,0.12625266088143
"161",2017,2022,"cdel","real_values","fyear","outtrun",7017.40791320516,"outtrun",12620.7536708162,0.124557622402754
"162",2018,2022,"cdel","real_values","fyear","outtrun",7785.93673722051,"outtrun",12620.7536708162,0.128349406820319
"163",2019,2022,"cdel","real_values","fyear","outtrun",8952.52426846754,"outtrun",12620.7536708162,0.121277896604888
"164",2020,2022,"cdel","real_values","fyear","outtrun",15409.6573580883,"outtrun",12620.7536708162,-0.0950050534172624
"165",2021,2022,"cdel","real_values","fyear","outtrun",13380.6062125548,"outtrun",12620.7536708162,-0.0567876021211718
"166",2013,2023,"cdel","real_values","fyear","outtrun",7586.56106661508,"outtrun",12163.0315931453,0.0483340396942529
"167",2014,2023,"cdel","real_values","fyear","outtrun",6927.37801993079,"outtrun",12163.0315931453,0.0645441086420844
"168",2015,2023,"cdel","real_values","fyear","outtrun",6439.35178725288,"outtrun",12163.0315931453,0.082741942247089
"169",2016,2023,"cdel","real_values","fyear","outtrun",6184.01180620745,"outtrun",12163.0315931453,0.101456526675521
"170",2017,2023,"cdel","real_values","fyear","outtrun",7017.40791320516,"outtrun",12163.0315931453,0.0960007519001238
"171",2018,2023,"cdel","real_values","fyear","outtrun",7785.93673722051,"outtrun",12163.0315931453,0.0933172311696528
"172",2019,2023,"cdel","real_values","fyear","outtrun",8952.52426846754,"outtrun",12163.0315931453,0.0796278572176232
"173",2020,2023,"cdel","real_values","fyear","outtrun",15409.6573580883,"outtrun",12163.0315931453,-0.075834785708964
"174",2021,2023,"cdel","real_values","fyear","outtrun",13380.6062125548,"outtrun",12163.0315931453,-0.0465827120813845
"175",2022,2023,"cdel","real_values","fyear","outtrun",12620.7536708162,"outtrun",12163.0315931453,-0.0362674123597924
"176",2013,2024,"cdel","real_values","fyear","outtrun",7586.56106661508,"planned",11975.7044141884,0.0423733100550396
"177",2014,2024,"cdel","real_values","fyear","outtrun",6927.37801993079,"planned",11975.7044141884,0.0562657993894771
"178",2015,2024,"cdel","real_values","fyear","outtrun",6439.35178725288,"planned",11975.7044141884,0.0713709826214519
"179",2016,2024,"cdel","real_values","fyear","outtrun",6184.01180620745,"planned",11975.7044141884,0.0861225854712855
"180",2017,2024,"cdel","real_values","fyear","outtrun",7017.40791320516,"planned",11975.7044141884,0.0793458370923061
"181",2018,2024,"cdel","real_values","fyear","outtrun",7785.93673722051,"planned",11975.7044141884,0.0743976083844271
"182",2019,2024,"cdel","real_values","fyear","outtrun",8952.52426846754,"planned",11975.7044141884,0.0599151802833577
"183",2020,2024,"cdel","real_values","fyear","outtrun",15409.6573580883,"planned",11975.7044141884,-0.0610833911531681
"184",2021,2024,"cdel","real_values","fyear","outtrun",13380.6062125548,"planned",11975.7044141884,-0.0363002208048908
"185",2022,2024,"cdel","real_values","fyear","outtrun",12620.7536708162,"planned",11975.7044141884,-0.0258902530923256
"186",2023,2024,"cdel","real_values","fyear","outtrun",12163.0315931453,"planned",11975.7044141884,-0.0154013559466929
"187",2013,2025,"cdel","real_values","fyear","outtrun",7586.56106661508,"planned",13600,0.0498433360592394
"188",2014,2025,"cdel","real_values","fyear","outtrun",6927.37801993079,"planned",13600,0.0632457080133004
"189",2015,2025,"cdel","real_values","fyear","outtrun",6439.35178725288,"planned",13600,0.0776300062657129
"190",2016,2025,"cdel","real_values","fyear","outtrun",6184.01180620745,"planned",13600,0.0915153416538188
"191",2017,2025,"cdel","real_values","fyear","outtrun",7017.40791320516,"planned",13600,0.0862261985197843
"192",2018,2025,"cdel","real_values","fyear","outtrun",7785.93673722051,"planned",13600,0.0829390276794575
"193",2019,2025,"cdel","real_values","fyear","outtrun",8952.52426846754,"planned",13600,0.0721747293629698
"194",2020,2025,"cdel","real_values","fyear","outtrun",15409.6573580883,"planned",13600,-0.024675384343422
"195",2021,2025,"cdel","real_values","fyear","outtrun",13380.6062125548,"planned",13600,0.00407413473959362
"196",2022,2025,"cdel","real_values","fyear","outtrun",12620.7536708162,"planned",13600,0.0252218952726175
"197",2023,2025,"cdel","real_values","fyear","outtrun",12163.0315931453,"planned",13600,0.0574224747423726
"198",2024,2025,"cdel","real_values","fyear","planned",11975.7044141884,"planned",13600,0.135632571549374
"199",2013,2026,"cdel","real_values","fyear","outtrun",7586.56106661508,"planned",13724.7175853092,0.0466572759280981
"200",2014,2026,"cdel","real_values","fyear","outtrun",6927.37801993079,"planned",13724.7175853092,0.0586308459109861
"201",2015,2026,"cdel","real_values","fyear","outtrun",6439.35178725288,"planned",13724.7175853092,0.0712190734001215
"202",2016,2026,"cdel","real_values","fyear","outtrun",6184.01180620745,"planned",13724.7175853092,0.082987167597746
"203",2017,2026,"cdel","real_values","fyear","outtrun",7017.40791320516,"planned",13724.7175853092,0.0773817947783755
"204",2018,2026,"cdel","real_values","fyear","outtrun",7785.93673722051,"planned",13724.7175853092,0.0734308392891401
"205",2019,2026,"cdel","real_values","fyear","outtrun",8952.52426846754,"planned",13724.7175853092,0.0629388308650751
"206",2020,2026,"cdel","real_values","fyear","outtrun",15409.6573580883,"planned",13724.7175853092,-0.0191142940701943
"207",2021,2026,"cdel","real_values","fyear","outtrun",13380.6062125548,"planned",13724.7175853092,0.00509132687658198
"208",2022,2026,"cdel","real_values","fyear","outtrun",12620.7536708162,"planned",13724.7175853092,0.0211852461411139
"209",2023,2026,"cdel","real_values","fyear","outtrun",12163.0315931453,"planned",13724.7175853092,0.0410874086355941
"210",2024,2026,"cdel","real_values","fyear","planned",11975.7044141884,"planned",13724.7175853092,0.0705357484069251
"211",2025,2026,"cdel","real_values","fyear","planned",13600,"planned",13724.7175853092,0.0091704106844992
"212",2013,2027,"cdel","real_values","fyear","outtrun",7586.56106661508,"planned",13270.9313242679,0.0407511246007191
"213",2014,2027,"cdel","real_values","fyear","outtrun",6927.37801993079,"planned",13270.9313242679,0.0512787495816931
"214",2015,2027,"cdel","real_values","fyear","outtrun",6439.35178725288,"planned",13270.9313242679,0.062115151276825
"215",2016,2027,"cdel","real_values","fyear","outtrun",6184.01180620745,"planned",13270.9313242679,0.0718852162879289
"216",2017,2027,"cdel","real_values","fyear","outtrun",7017.40791320516,"planned",13270.9313242679,0.0657920292362821
"217",2018,2027,"cdel","real_values","fyear","outtrun",7785.93673722051,"planned",13270.9313242679,0.0610412817105481
"218",2019,2027,"cdel","real_values","fyear","outtrun",8952.52426846754,"planned",13270.9313242679,0.0504357329610272
"219",2020,2027,"cdel","real_values","fyear","outtrun",15409.6573580883,"planned",13270.9313242679,-0.0211192811301067
"220",2021,2027,"cdel","real_values","fyear","outtrun",13380.6062125548,"planned",13270.9313242679,-0.00137078169767935
"221",2022,2027,"cdel","real_values","fyear","outtrun",12620.7536708162,"planned",13270.9313242679,0.0100973280111487
"222",2023,2027,"cdel","real_values","fyear","outtrun",12163.0315931453,"planned",13270.9313242679,0.0220329363536904
"223",2024,2027,"cdel","real_values","fyear","planned",11975.7044141884,"planned",13270.9313242679,0.0348246800264134
"224",2025,2027,"cdel","real_values","fyear","planned",13600,"planned",13270.9313242679,-0.0121721942346286
"225",2026,2027,"cdel","real_values","fyear","planned",13724.7175853092,"planned",13270.9313242679,-0.0330634315949065
"226",2013,2028,"cdel","real_values","fyear","outtrun",7586.56106661508,"planned",13971.9716267846,0.041551740860353
"227",2014,2028,"cdel","real_values","fyear","outtrun",6927.37801993079,"planned",13971.9716267846,0.0513891387239802
"228",2015,2028,"cdel","real_values","fyear","outtrun",6439.35178725288,"planned",13971.9716267846,0.0613976426311176
"229",2016,2028,"cdel","real_values","fyear","outtrun",6184.01180620745,"planned",13971.9716267846,0.07028379218517
"230",2017,2028,"cdel","real_values","fyear","outtrun",7017.40791320516,"planned",13971.9716267846,0.064606661531156
"231",2018,2028,"cdel","real_values","fyear","outtrun",7785.93673722051,"planned",13971.9716267846,0.0602168018167892
"232",2019,2028,"cdel","real_values","fyear","outtrun",8952.52426846754,"planned",13971.9716267846,0.0507009671253527
"233",2020,2028,"cdel","real_values","fyear","outtrun",15409.6573580883,"planned",13971.9716267846,-0.0121680035063788
"234",2021,2028,"cdel","real_values","fyear","outtrun",13380.6062125548,"planned",13971.9716267846,0.00619725762830603
"235",2022,2028,"cdel","real_values","fyear","outtrun",12620.7536708162,"planned",13971.9716267846,0.0170962836329895
"236",2023,2028,"cdel","real_values","fyear","outtrun",12163.0315931453,"planned",13971.9716267846,0.0281184955368163
"237",2024,2028,"cdel","real_values","fyear","planned",11975.7044141884,"planned",13971.9716267846,0.0392957629059905
"238",2025,2028,"cdel","real_values","fyear","planned",13600,"planned",13971.9716267846,0.00903507323647035
"239",2026,2028,"cdel","real_values","fyear","planned",13724.7175853092,"planned",13971.9716267846,0.00896741131877721
"240",2027,2028,"cdel","real_values","fyear","planned",13270.9313242679,"planned",13971.9716267846,0.0528252528317057
"241",2013,2014,"dhsc_rdel","real_values","fyear","outtrun",147586.671854509,"outtrun",151024.087337348,0.0232908259238245
"242",2013,2015,"dhsc_rdel","real_values","fyear","outtrun",147586.671854509,"outtrun",155851.138527596,0.0276173305981169
"243",2014,2015,"dhsc_rdel","real_values","fyear","outtrun",151024.087337348,"outtrun",155851.138527596,0.0319621278655047
"244",2013,2016,"dhsc_rdel","real_values","fyear","outtrun",147586.671854509,"outtrun",157488.701020772,0.0218820107101372
"245",2014,2016,"dhsc_rdel","real_values","fyear","outtrun",151024.087337348,"outtrun",157488.701020772,0.021178330614932
"246",2015,2016,"dhsc_rdel","real_values","fyear","outtrun",155851.138527596,"outtrun",157488.701020772,0.0105072218826698
"247",2013,2017,"dhsc_rdel","real_values","fyear","outtrun",147586.671854509,"outtrun",160655.502507777,0.0214382487183158
"248",2014,2017,"dhsc_rdel","real_values","fyear","outtrun",151024.087337348,"outtrun",160655.502507777,0.0208214686002419
"249",2015,2017,"dhsc_rdel","real_values","fyear","outtrun",155851.138527596,"outtrun",160655.502507777,0.0152963217713289
"250",2016,2017,"dhsc_rdel","real_values","fyear","outtrun",157488.701020772,"outtrun",160655.502507777,0.0201081186553649
"251",2013,2018,"dhsc_rdel","real_values","fyear","outtrun",147586.671854509,"outtrun",160482.559023117,0.0168950664336676
"252",2014,2018,"dhsc_rdel","real_values","fyear","outtrun",151024.087337348,"outtrun",160482.559023117,0.0153023823938629
"253",2015,2018,"dhsc_rdel","real_values","fyear","outtrun",155851.138527596,"outtrun",160482.559023117,0.00980911663335493
"254",2016,2018,"dhsc_rdel","real_values","fyear","outtrun",157488.701020772,"outtrun",160482.559023117,0.00946024488583141
"255",2017,2018,"dhsc_rdel","real_values","fyear","outtrun",160655.502507777,"outtrun",160482.559023117,-0.00107648653149572
"256",2013,2019,"dhsc_rdel","real_values","fyear","outtrun",147586.671854509,"outtrun",167743.377027423,0.0215658672876857
"257",2014,2019,"dhsc_rdel","real_values","fyear","outtrun",151024.087337348,"outtrun",167743.377027423,0.0212212246484131
"258",2015,2019,"dhsc_rdel","real_values","fyear","outtrun",155851.138527596,"outtrun",167743.377027423,0.0185535122909324
"259",2016,2019,"dhsc_rdel","real_values","fyear","outtrun",157488.701020772,"outtrun",167743.377027423,0.0212498216716961
"260",2017,2019,"dhsc_rdel","real_values","fyear","outtrun",160655.502507777,"outtrun",167743.377027423,0.0218211522624385
"261",2018,2019,"dhsc_rdel","real_values","fyear","outtrun",160482.559023117,"outtrun",167743.377027423,0.0452436579308311
"262",2013,2020,"dhsc_rdel","real_values","fyear","outtrun",147586.671854509,"outtrun",215795.851853594,0.0557737271371581
"263",2014,2020,"dhsc_rdel","real_values","fyear","outtrun",151024.087337348,"outtrun",215795.851853594,0.0612869207718809
"264",2015,2020,"dhsc_rdel","real_values","fyear","outtrun",155851.138527596,"outtrun",215795.851853594,0.0672511282364632
"265",2016,2020,"dhsc_rdel","real_values","fyear","outtrun",157488.701020772,"outtrun",215795.851853594,0.0819281555892188
"266",2017,2020,"dhsc_rdel","real_values","fyear","outtrun",160655.502507777,"outtrun",215795.851853594,0.103356427001768
"267",2018,2020,"dhsc_rdel","real_values","fyear","outtrun",160482.559023117,"outtrun",215795.851853594,0.159598448564043
"268",2019,2020,"dhsc_rdel","real_values","fyear","outtrun",167743.377027423,"outtrun",215795.851853594,0.286464215027189
"269",2013,2021,"dhsc_rdel","real_values","fyear","outtrun",147586.671854509,"outtrun",215554.923573353,0.0484889335290415
"270",2014,2021,"dhsc_rdel","real_values","fyear","outtrun",151024.087337348,"outtrun",215554.923573353,0.0521389633109595
"271",2015,2021,"dhsc_rdel","real_values","fyear","outtrun",155851.138527596,"outtrun",215554.923573353,0.0555399165170589
"272",2016,2021,"dhsc_rdel","real_values","fyear","outtrun",157488.701020772,"outtrun",215554.923573353,0.0647844723914781
"273",2017,2021,"dhsc_rdel","real_values","fyear","outtrun",160655.502507777,"outtrun",215554.923573353,0.0762559999219601
"274",2018,2021,"dhsc_rdel","real_values","fyear","outtrun",160482.559023117,"outtrun",215554.923573353,0.103341707861977
"275",2019,2021,"dhsc_rdel","real_values","fyear","outtrun",167743.377027423,"outtrun",215554.923573353,0.133590721628084
"276",2020,2021,"dhsc_rdel","real_values","fyear","outtrun",215795.851853594,"outtrun",215554.923573353,-0.00111646390869724
"277",2013,2022,"dhsc_rdel","real_values","fyear","outtrun",147586.671854509,"outtrun",194850.909998138,0.0313501696067553
"278",2014,2022,"dhsc_rdel","real_values","fyear","outtrun",151024.087337348,"outtrun",194850.909998138,0.0323620404134135
"279",2015,2022,"dhsc_rdel","real_values","fyear","outtrun",155851.138527596,"outtrun",194850.909998138,0.0324191834271561
"280",2016,2022,"dhsc_rdel","real_values","fyear","outtrun",157488.701020772,"outtrun",194850.909998138,0.0361170958304793
"281",2017,2022,"dhsc_rdel","real_values","fyear","outtrun",160655.502507777,"outtrun",194850.909998138,0.0393489142382974
"282",2018,2022,"dhsc_rdel","real_values","fyear","outtrun",160482.559023117,"outtrun",194850.909998138,0.04970834400456
"283",2019,2022,"dhsc_rdel","real_values","fyear","outtrun",167743.377027423,"outtrun",194850.909998138,0.0512008065909855
"284",2020,2022,"dhsc_rdel","real_values","fyear","outtrun",215795.851853594,"outtrun",194850.909998138,-0.0497679530036553
"285",2021,2022,"dhsc_rdel","real_values","fyear","outtrun",215554.923573353,"outtrun",194850.909998138,-0.0960498291200884
"286",2013,2023,"dhsc_rdel","real_values","fyear","outtrun",147586.671854509,"outtrun",191290.631541966,0.0262771421882386
"287",2014,2023,"dhsc_rdel","real_values","fyear","outtrun",151024.087337348,"outtrun",191290.631541966,0.0266094926112816
"288",2015,2023,"dhsc_rdel","real_values","fyear","outtrun",155851.138527596,"outtrun",191290.631541966,0.0259423682739952
"289",2016,2023,"dhsc_rdel","real_values","fyear","outtrun",157488.701020772,"outtrun",191290.631541966,0.0281665520277143
"290",2017,2023,"dhsc_rdel","real_values","fyear","outtrun",160655.502507777,"outtrun",191290.631541966,0.0295157997260473
"291",2018,2023,"dhsc_rdel","real_values","fyear","outtrun",160482.559023117,"outtrun",191290.631541966,0.0357457788362294
"292",2019,2023,"dhsc_rdel","real_values","fyear","outtrun",167743.377027423,"outtrun",191290.631541966,0.0333848249683406
"293",2020,2023,"dhsc_rdel","real_values","fyear","outtrun",215795.851853594,"outtrun",191290.631541966,-0.0393831440618744
"294",2021,2023,"dhsc_rdel","real_values","fyear","outtrun",215554.923573353,"outtrun",191290.631541966,-0.0579631818606166
"295",2022,2023,"dhsc_rdel","real_values","fyear","outtrun",194850.909998138,"outtrun",191290.631541966,-0.0182718082056008
"296",2013,2024,"dhsc_rdel","real_values","fyear","outtrun",147586.671854509,"planned",199457.421794932,0.0277587606913923
"297",2014,2024,"dhsc_rdel","real_values","fyear","outtrun",151024.087337348,"planned",199457.421794932,0.0282066257101325
"298",2015,2024,"dhsc_rdel","real_values","fyear","outtrun",155851.138527596,"planned",199457.421794932,0.0277901922442967
"299",2016,2024,"dhsc_rdel","real_values","fyear","outtrun",157488.701020772,"planned",199457.421794932,0.0299712447185965
"300",2017,2024,"dhsc_rdel","real_values","fyear","outtrun",160655.502507777,"planned",199457.421794932,0.0313880261077812
"301",2018,2024,"dhsc_rdel","real_values","fyear","outtrun",160482.559023117,"planned",199457.421794932,0.036900442986149
"302",2019,2024,"dhsc_rdel","real_values","fyear","outtrun",167743.377027423,"planned",199457.421794932,0.0352398086107084
"303",2020,2024,"dhsc_rdel","real_values","fyear","outtrun",215795.851853594,"planned",199457.421794932,-0.0194905646304765
"304",2021,2024,"dhsc_rdel","real_values","fyear","outtrun",215554.923573353,"planned",199457.421794932,-0.0255398477156361
"305",2022,2024,"dhsc_rdel","real_values","fyear","outtrun",194850.909998138,"planned",199457.421794932,0.0117515567777522
"306",2023,2024,"dhsc_rdel","real_values","fyear","outtrun",191290.631541966,"planned",199457.421794932,0.0426931010009983
"307",2013,2025,"dhsc_rdel","real_values","fyear","outtrun",147586.671854509,"planned",203400,0.0270903545781656
"308",2014,2025,"dhsc_rdel","real_values","fyear","outtrun",151024.087337348,"planned",203400,0.0274364650503425
"309",2015,2025,"dhsc_rdel","real_values","fyear","outtrun",155851.138527596,"planned",203400,0.0269849918074598
"310",2016,2025,"dhsc_rdel","real_values","fyear","outtrun",157488.701020772,"planned",203400,0.0288323616372319
"311",2017,2025,"dhsc_rdel","real_values","fyear","outtrun",160655.502507777,"planned",203400,0.02992812513981
"312",2018,2025,"dhsc_rdel","real_values","fyear","outtrun",160482.559023117,"planned",203400,0.0344352254874294
"313",2019,2025,"dhsc_rdel","real_values","fyear","outtrun",167743.377027423,"planned",203400,0.0326447175338371
"314",2020,2025,"dhsc_rdel","real_values","fyear","outtrun",215795.851853594,"planned",203400,-0.0117619504037795
"315",2021,2025,"dhsc_rdel","real_values","fyear","outtrun",215554.923573353,"planned",203400,-0.0144055475361625
"316",2022,2025,"dhsc_rdel","real_values","fyear","outtrun",194850.909998138,"planned",203400,0.0144161857225911
"317",2023,2025,"dhsc_rdel","real_values","fyear","outtrun",191290.631541966,"planned",203400,0.0311660924740673
"318",2024,2025,"dhsc_rdel","real_values","fyear","planned",199457.421794932,"planned",203400,0.0197665154276483
"319",2013,2026,"dhsc_rdel","real_values","fyear","outtrun",147586.671854509,"planned",207243.235538169,0.0264576062787985
"320",2014,2026,"dhsc_rdel","real_values","fyear","outtrun",151024.087337348,"planned",207243.235538169,0.0267219465960622
"321",2015,2026,"dhsc_rdel","real_values","fyear","outtrun",155851.138527596,"planned",207243.235538169,0.0262468879713895
"322",2016,2026,"dhsc_rdel","real_values","fyear","outtrun",157488.701020772,"planned",207243.235538169,0.0278342758967893
"323",2017,2026,"dhsc_rdel","real_values","fyear","outtrun",160655.502507777,"planned",207243.235538169,0.0286963418860637
"324",2018,2026,"dhsc_rdel","real_values","fyear","outtrun",160482.559023117,"planned",207243.235538169,0.0324798041587575
"325",2019,2026,"dhsc_rdel","real_values","fyear","outtrun",167743.377027423,"planned",207243.235538169,0.0306691647227288
"326",2020,2026,"dhsc_rdel","real_values","fyear","outtrun",215795.851853594,"planned",207243.235538169,-0.00671728352657819
"327",2021,2026,"dhsc_rdel","real_values","fyear","outtrun",215554.923573353,"planned",207243.235538169,-0.00783367329208573
"328",2022,2026,"dhsc_rdel","real_values","fyear","outtrun",194850.909998138,"planned",207243.235538169,0.0155340310327905
"329",2023,2026,"dhsc_rdel","real_values","fyear","outtrun",191290.631541966,"planned",207243.235538169,0.02705938246452
"330",2024,2026,"dhsc_rdel","real_values","fyear","planned",199457.421794932,"planned",207243.235538169,0.0193306462213358
"331",2025,2026,"dhsc_rdel","real_values","fyear","planned",203400,"planned",207243.235538169,0.0188949633144972
"332",2013,2027,"dhsc_rdel","real_values","fyear","outtrun",147586.671854509,"planned",212815.732033369,0.0264883910682228
"333",2014,2027,"dhsc_rdel","real_values","fyear","outtrun",151024.087337348,"planned",212815.732033369,0.0267347710781922
"334",2015,2027,"dhsc_rdel","real_values","fyear","outtrun",155851.138527596,"planned",212815.732033369,0.0263003550967793
"335",2016,2027,"dhsc_rdel","real_values","fyear","outtrun",157488.701020772,"planned",212815.732033369,0.0277482764242527
"336",2017,2027,"dhsc_rdel","real_values","fyear","outtrun",160655.502507777,"planned",212815.732033369,0.0285154323316874
"337",2018,2027,"dhsc_rdel","real_values","fyear","outtrun",160482.559023117,"planned",212815.732033369,0.0318570675544774
"338",2019,2027,"dhsc_rdel","real_values","fyear","outtrun",167743.377027423,"planned",212815.732033369,0.0301958437184544
"339",2020,2027,"dhsc_rdel","real_values","fyear","outtrun",215795.851853594,"planned",212815.732033369,-0.00198462045935821
"340",2021,2027,"dhsc_rdel","real_values","fyear","outtrun",215554.923573353,"planned",212815.732033369,-0.0021292398422027
"341",2022,2027,"dhsc_rdel","real_values","fyear","outtrun",194850.909998138,"planned",212815.732033369,0.0177948714361189
"342",2023,2027,"dhsc_rdel","real_values","fyear","outtrun",191290.631541966,"planned",212815.732033369,0.0270167035279356
"343",2024,2027,"dhsc_rdel","real_values","fyear","planned",199457.421794932,"planned",212815.732033369,0.0218437887312655
"344",2025,2027,"dhsc_rdel","real_values","fyear","planned",203400,"planned",212815.732033369,0.0228840116287219
"345",2026,2027,"dhsc_rdel","real_values","fyear","planned",207243.235538169,"planned",212815.732033369,0.0268886773588981
"346",2013,2028,"dhsc_rdel","real_values","fyear","outtrun",147586.671854509,"planned",218264.854061662,0.0264294668931444
"347",2014,2028,"dhsc_rdel","real_values","fyear","outtrun",151024.087337348,"planned",218264.854061662,0.0266540235589583
"348",2015,2028,"dhsc_rdel","real_values","fyear","outtrun",155851.138527596,"planned",218264.854061662,0.0262468405432763
"349",2016,2028,"dhsc_rdel","real_values","fyear","outtrun",157488.701020772,"planned",218264.854061662,0.0275694893875975
"350",2017,2028,"dhsc_rdel","real_values","fyear","outtrun",160655.502507777,"planned",218264.854061662,0.0282504960219889
"351",2018,2028,"dhsc_rdel","real_values","fyear","outtrun",160482.559023117,"planned",218264.854061662,0.0312301378460953
"352",2019,2028,"dhsc_rdel","real_values","fyear","outtrun",167743.377027423,"planned",218264.854061662,0.0296847238572224
"353",2020,2028,"dhsc_rdel","real_values","fyear","outtrun",215795.851853594,"planned",218264.854061662,0.00142306432037387
"354",2021,2028,"dhsc_rdel","real_values","fyear","outtrun",215554.923573353,"planned",218264.854061662,0.00178638073902726
"355",2022,2028,"dhsc_rdel","real_values","fyear","outtrun",194850.909998138,"planned",218264.854061662,0.0190923977313129
"356",2023,2028,"dhsc_rdel","real_values","fyear","outtrun",191290.631541966,"planned",218264.854061662,0.0267341841324806
"357",2024,2028,"dhsc_rdel","real_values","fyear","planned",199457.421794932,"planned",218264.854061662,0.022782767383432
"358",2025,2028,"dhsc_rdel","real_values","fyear","planned",203400,"planned",218264.854061662,0.0237901659405946
"359",2026,2028,"dhsc_rdel","real_values","fyear","planned",207243.235538169,"planned",218264.854061662,0.0262465796886933
"360",2027,2028,"dhsc_rdel","real_values","fyear","planned",212815.732033369,"planned",218264.854061662,0.02560488351227
"361",2013,2014,"nhse_rdel","real_values","fyear","outtrun",132444.647977933,"outtrun",135311.718161183,0.0216473087212059
"362",2013,2015,"nhse_rdel","real_values","fyear","outtrun",132444.647977933,"outtrun",139212.916583748,0.0252329592210863
"363",2014,2015,"nhse_rdel","real_values","fyear","outtrun",135311.718161183,"outtrun",139212.916583748,0.0288311941905752
"364",2013,2016,"nhse_rdel","real_values","fyear","outtrun",132444.647977933,"outtrun",143517.6664463,0.0271258285151337
"365",2014,2016,"nhse_rdel","real_values","fyear","outtrun",135311.718161183,"outtrun",143517.6664463,0.0298760954180681
"366",2015,2016,"nhse_rdel","real_values","fyear","outtrun",139212.916583748,"outtrun",143517.6664463,0.0309220578678306
"367",2013,2017,"nhse_rdel","real_values","fyear","outtrun",132444.647977933,"outtrun",146839.059627119,0.0261286070317264
"368",2014,2017,"nhse_rdel","real_values","fyear","outtrun",135311.718161183,"outtrun",146839.059627119,0.0276267370015839
"369",2015,2017,"nhse_rdel","real_values","fyear","outtrun",139212.916583748,"outtrun",146839.059627119,0.0270250372840479
"370",2016,2017,"nhse_rdel","real_values","fyear","outtrun",143517.6664463,"outtrun",146839.059627119,0.0231427479491648
"371",2013,2018,"nhse_rdel","real_values","fyear","outtrun",132444.647977933,"outtrun",147340.432512286,0.0215450069146059
"372",2014,2018,"nhse_rdel","real_values","fyear","outtrun",135311.718161183,"outtrun",147340.432512286,0.0215194330636064
"373",2015,2018,"nhse_rdel","real_values","fyear","outtrun",139212.916583748,"outtrun",147340.432512286,0.0190937451293403
"374",2016,2018,"nhse_rdel","real_values","fyear","outtrun",143517.6664463,"outtrun",147340.432512286,0.0132305786775182
"375",2017,2018,"nhse_rdel","real_values","fyear","outtrun",146839.059627119,"outtrun",147340.432512286,0.00341443813682485
"376",2013,2019,"nhse_rdel","real_values","fyear","outtrun",132444.647977933,"outtrun",161364.942773139,0.0334650540397472
"377",2014,2019,"nhse_rdel","real_values","fyear","outtrun",135311.718161183,"outtrun",161364.942773139,0.0358449567552812
"378",2015,2019,"nhse_rdel","real_values","fyear","outtrun",139212.916583748,"outtrun",161364.942773139,0.0376058556891692
"379",2016,2019,"nhse_rdel","real_values","fyear","outtrun",143517.6664463,"outtrun",161364.942773139,0.0398434040602462
"380",2017,2019,"nhse_rdel","real_values","fyear","outtrun",146839.059627119,"outtrun",161364.942773139,0.0482956818731253
"381",2018,2019,"nhse_rdel","real_values","fyear","outtrun",147340.432512286,"outtrun",161364.942773139,0.0951843972609769
"382",2013,2020,"nhse_rdel","real_values","fyear","outtrun",132444.647977933,"outtrun",177116.447427057,0.0423943973369894
"383",2014,2020,"nhse_rdel","real_values","fyear","outtrun",135311.718161183,"outtrun",177116.447427057,0.0458929782865569
"384",2015,2020,"nhse_rdel","real_values","fyear","outtrun",139212.916583748,"outtrun",177116.447427057,0.049339139676583
"385",2016,2020,"nhse_rdel","real_values","fyear","outtrun",143517.6664463,"outtrun",177116.447427057,0.0539945909124959
"386",2017,2020,"nhse_rdel","real_values","fyear","outtrun",146839.059627119,"outtrun",177116.447427057,0.0644839051394186
"387",2018,2020,"nhse_rdel","real_values","fyear","outtrun",147340.432512286,"outtrun",177116.447427057,0.0963986096064795
"388",2019,2020,"nhse_rdel","real_values","fyear","outtrun",161364.942773139,"outtrun",177116.447427057,0.0976141681285927
"389",2013,2021,"nhse_rdel","real_values","fyear","outtrun",132444.647977933,"outtrun",184292.774796791,0.0421596084248526
"390",2014,2021,"nhse_rdel","real_values","fyear","outtrun",135311.718161183,"outtrun",184292.774796791,0.0451233654025127
"391",2015,2021,"nhse_rdel","real_values","fyear","outtrun",139212.916583748,"outtrun",184292.774796791,0.0478637007229108
"392",2016,2021,"nhse_rdel","real_values","fyear","outtrun",143517.6664463,"outtrun",184292.774796791,0.0512852931881294
"393",2017,2021,"nhse_rdel","real_values","fyear","outtrun",146839.059627119,"outtrun",184292.774796791,0.0584410589370323
"394",2018,2021,"nhse_rdel","real_values","fyear","outtrun",147340.432512286,"outtrun",184292.774796791,0.0774458586764821
"395",2019,2021,"nhse_rdel","real_values","fyear","outtrun",161364.942773139,"outtrun",184292.774796791,0.0686846226839035
"396",2020,2021,"nhse_rdel","real_values","fyear","outtrun",177116.447427057,"outtrun",184292.774796791,0.0405175661209525
"397",2013,2022,"nhse_rdel","real_values","fyear","outtrun",132444.647977933,"outtrun",182020.922576171,0.0359600040477877
"398",2014,2022,"nhse_rdel","real_values","fyear","outtrun",135311.718161183,"outtrun",182020.922576171,0.0377631322793888
"399",2015,2022,"nhse_rdel","real_values","fyear","outtrun",139212.916583748,"outtrun",182020.922576171,0.0390454379053924
"400",2016,2022,"nhse_rdel","real_values","fyear","outtrun",143517.6664463,"outtrun",182020.922576171,0.0404055441986728
"401",2017,2022,"nhse_rdel","real_values","fyear","outtrun",146839.059627119,"outtrun",182020.922576171,0.0438928989936458
"402",2018,2022,"nhse_rdel","real_values","fyear","outtrun",147340.432512286,"outtrun",182020.922576171,0.0542651308046826
"403",2019,2022,"nhse_rdel","real_values","fyear","outtrun",161364.942773139,"outtrun",182020.922576171,0.0409679882304874
"404",2020,2022,"nhse_rdel","real_values","fyear","outtrun",177116.447427057,"outtrun",182020.922576171,0.0137507985617991
"405",2021,2022,"nhse_rdel","real_values","fyear","outtrun",184292.774796791,"outtrun",182020.922576171,-0.0123274079687918
"406",2013,2023,"nhse_rdel","real_values","fyear","outtrun",132444.647977933,"outtrun",183668.866071729,0.0332373886680646
"407",2014,2023,"nhse_rdel","real_values","fyear","outtrun",135311.718161183,"outtrun",183668.866071729,0.0345332644693765
"408",2015,2023,"nhse_rdel","real_values","fyear","outtrun",139212.916583748,"outtrun",183668.866071729,0.0352482417201614
"409",2016,2023,"nhse_rdel","real_values","fyear","outtrun",143517.6664463,"outtrun",183668.866071729,0.0358677482107339
"410",2017,2023,"nhse_rdel","real_values","fyear","outtrun",146839.059627119,"outtrun",183668.866071729,0.038003915410824
"411",2018,2023,"nhse_rdel","real_values","fyear","outtrun",147340.432512286,"outtrun",183668.866071729,0.0450635988775805
"412",2019,2023,"nhse_rdel","real_values","fyear","outtrun",161364.942773139,"outtrun",183668.866071729,0.0328959846442325
"413",2020,2023,"nhse_rdel","real_values","fyear","outtrun",177116.447427057,"outtrun",183668.866071729,0.0121826391232136
"414",2021,2023,"nhse_rdel","real_values","fyear","outtrun",184292.774796791,"outtrun",183668.866071729,-0.00169414582309424
"415",2022,2023,"nhse_rdel","real_values","fyear","outtrun",182020.922576171,"outtrun",183668.866071729,0.00905359379699244
"416",2013,2024,"nhse_rdel","real_values","fyear","outtrun",132444.647977933,"planned",192850.136600897,0.0347490798097809
"417",2014,2024,"nhse_rdel","real_values","fyear","outtrun",135311.718161183,"planned",192850.136600897,0.0360684626392291
"418",2015,2024,"nhse_rdel","real_values","fyear","outtrun",139212.916583748,"planned",192850.136600897,0.0368757396576549
"419",2016,2024,"nhse_rdel","real_values","fyear","outtrun",143517.6664463,"planned",192850.136600897,0.0376223633840218
"420",2017,2024,"nhse_rdel","real_values","fyear","outtrun",146839.059627119,"planned",192850.136600897,0.0397075405890372
"421",2018,2024,"nhse_rdel","real_values","fyear","outtrun",147340.432512286,"planned",192850.136600897,0.0458827538772253
"422",2019,2024,"nhse_rdel","real_values","fyear","outtrun",161364.942773139,"planned",192850.136600897,0.0362920167493908
"423",2020,2024,"nhse_rdel","real_values","fyear","outtrun",177116.447427057,"planned",192850.136600897,0.0215044538914801
"424",2021,2024,"nhse_rdel","real_values","fyear","outtrun",184292.774796791,"planned",192850.136600897,0.0152442705580609
"425",2022,2024,"nhse_rdel","real_values","fyear","outtrun",182020.922576171,"planned",192850.136600897,0.0293174129189309
"426",2023,2024,"nhse_rdel","real_values","fyear","outtrun",183668.866071729,"planned",192850.136600897,0.0499881701539002
"427",2013,2025,"nhse_rdel","real_values","fyear","outtrun",132444.647977933,"planned",195600,0.0330258829068326
"428",2014,2025,"nhse_rdel","real_values","fyear","outtrun",135311.718161183,"planned",195600,0.034066561708882
"429",2015,2025,"nhse_rdel","real_values","fyear","outtrun",139212.916583748,"planned",195600,0.034591561483247
"430",2016,2025,"nhse_rdel","real_values","fyear","outtrun",143517.6664463,"planned",195600,0.035000089515838
"431",2017,2025,"nhse_rdel","real_values","fyear","outtrun",146839.059627119,"planned",195600,0.0364918868160637
"432",2018,2025,"nhse_rdel","real_values","fyear","outtrun",147340.432512286,"planned",195600,0.0413054226587601
"433",2019,2025,"nhse_rdel","real_values","fyear","outtrun",161364.942773139,"planned",195600,0.0325868983997584
"434",2020,2025,"nhse_rdel","real_values","fyear","outtrun",177116.447427057,"planned",195600,0.0200512480857669
"435",2021,2025,"nhse_rdel","real_values","fyear","outtrun",184292.774796791,"planned",195600,0.0149978804813502
"436",2022,2025,"nhse_rdel","real_values","fyear","outtrun",182020.922576171,"planned",195600,0.024273286788864
"437",2023,2025,"nhse_rdel","real_values","fyear","outtrun",183668.866071729,"planned",195600,0.0319690033582356
"438",2024,2025,"nhse_rdel","real_values","fyear","planned",192850.136600897,"planned",195600,0.0142590689722679
"439",2013,2026,"nhse_rdel","real_values","fyear","outtrun",132444.647977933,"planned",200871.045230704,0.0325570855665602
"440",2014,2026,"nhse_rdel","real_values","fyear","outtrun",135311.718161183,"planned",200871.045230704,0.0334714753043197
"441",2015,2026,"nhse_rdel","real_values","fyear","outtrun",139212.916583748,"planned",200871.045230704,0.0338943554186346
"442",2016,2026,"nhse_rdel","real_values","fyear","outtrun",143517.6664463,"planned",200871.045230704,0.0341920560926317
"443",2017,2026,"nhse_rdel","real_values","fyear","outtrun",146839.059627119,"planned",200871.045230704,0.0354270993308547
"444",2018,2026,"nhse_rdel","real_values","fyear","outtrun",147340.432512286,"planned",200871.045230704,0.0394998353565195
"445",2019,2026,"nhse_rdel","real_values","fyear","outtrun",161364.942773139,"planned",200871.045230704,0.0317794618148992
"446",2020,2026,"nhse_rdel","real_values","fyear","outtrun",177116.447427057,"planned",200871.045230704,0.0211974957681145
"447",2021,2026,"nhse_rdel","real_values","fyear","outtrun",184292.774796791,"planned",200871.045230704,0.0173767442723147
"448",2022,2026,"nhse_rdel","real_values","fyear","outtrun",182020.922576171,"planned",200871.045230704,0.0249413322448393
"449",2023,2026,"nhse_rdel","real_values","fyear","outtrun",183668.866071729,"planned",200871.045230704,0.0302926419153118
"450",2024,2026,"nhse_rdel","real_values","fyear","planned",192850.136600897,"planned",200871.045230704,0.0205838562128393
"451",2025,2026,"nhse_rdel","real_values","fyear","planned",195600,"planned",200871.045230704,0.0269480840015528
"452",2013,2027,"nhse_rdel","real_values","fyear","outtrun",132444.647977933,"planned",207141.928061399,0.0324614111923156
"453",2014,2027,"nhse_rdel","real_values","fyear","outtrun",135311.718161183,"planned",207141.928061399,0.0332979910978999
"454",2015,2027,"nhse_rdel","real_values","fyear","outtrun",139212.916583748,"planned",207141.928061399,0.0336710983997368
"455",2016,2027,"nhse_rdel","real_values","fyear","outtrun",143517.6664463,"planned",207141.928061399,0.0339213743802693
"456",2017,2027,"nhse_rdel","real_values","fyear","outtrun",146839.059627119,"planned",207141.928061399,0.0350054626835372
"457",2018,2027,"nhse_rdel","real_values","fyear","outtrun",147340.432512286,"planned",207141.928061399,0.0385764070327523
"458",2019,2027,"nhse_rdel","real_values","fyear","outtrun",161364.942773139,"planned",207141.928061399,0.0317093187430639
"459",2020,2027,"nhse_rdel","real_values","fyear","outtrun",177116.447427057,"planned",207141.928061399,0.022623076567261
"460",2021,2027,"nhse_rdel","real_values","fyear","outtrun",184292.774796791,"planned",207141.928061399,0.0196707252382036
"461",2022,2027,"nhse_rdel","real_values","fyear","outtrun",182020.922576171,"planned",207141.928061399,0.0261936917259207
"462",2023,2027,"nhse_rdel","real_values","fyear","outtrun",183668.866071729,"planned",207141.928061399,0.0305240161698412
"463",2024,2027,"nhse_rdel","real_values","fyear","planned",192850.136600897,"planned",207141.928061399,0.0241164792156718
"464",2025,2027,"nhse_rdel","real_values","fyear","planned",195600,"planned",207141.928061399,0.0290810522863794
"465",2026,2027,"nhse_rdel","real_values","fyear","planned",200871.045230704,"planned",207141.928061399,0.0312184507403399
"466",2013,2028,"nhse_rdel","real_values","fyear","outtrun",132444.647977933,"planned",213450.188163243,0.0323274492468184
"467",2014,2028,"nhse_rdel","real_values","fyear","outtrun",135311.718161183,"planned",213450.188163243,0.0330945749371316
"468",2015,2028,"nhse_rdel","real_values","fyear","outtrun",139212.916583748,"planned",213450.188163243,0.0334232581424942
"469",2016,2028,"nhse_rdel","real_values","fyear","outtrun",143517.6664463,"planned",213450.188163243,0.0336319652147674
"470",2017,2028,"nhse_rdel","real_values","fyear","outtrun",146839.059627119,"planned",213450.188163243,0.0345908462508331
"471",2018,2028,"nhse_rdel","real_values","fyear","outtrun",147340.432512286,"planned",213450.188163243,0.0377612740221271
"472",2019,2028,"nhse_rdel","real_values","fyear","outtrun",161364.942773139,"planned",213450.188163243,0.0315697418246725
"473",2020,2028,"nhse_rdel","real_values","fyear","outtrun",177116.447427057,"planned",213450.188163243,0.0235986540928976
"474",2021,2028,"nhse_rdel","real_values","fyear","outtrun",184292.774796791,"planned",213450.188163243,0.0212042291806243
"475",2022,2028,"nhse_rdel","real_values","fyear","outtrun",182020.922576171,"planned",213450.188163243,0.0269024857385078
"476",2023,2028,"nhse_rdel","real_values","fyear","outtrun",183668.866071729,"planned",213450.188163243,0.0305099737630254
"477",2024,2028,"nhse_rdel","real_values","fyear","planned",192850.136600897,"planned",213450.188163243,0.0256971476426866
"478",2025,2028,"nhse_rdel","real_values","fyear","planned",195600,"planned",213450.188163243,0.0295384335580151
"479",2026,2028,"nhse_rdel","real_values","fyear","planned",200871.045230704,"planned",213450.188163243,0.0308360574958386
"480",2027,2028,"nhse_rdel","real_values","fyear","planned",207141.928061399,"planned",213450.188163243,0.0304538060492205
"481",2013,2014,"pensions","real_values","fyear","outtrun",0,"outtrun",0,NA
"482",2013,2015,"pensions","real_values","fyear","outtrun",0,"outtrun",0,NA
"483",2014,2015,"pensions","real_values","fyear","outtrun",0,"outtrun",0,NA
"484",2013,2016,"pensions","real_values","fyear","outtrun",0,"outtrun",0,NA
"485",2014,2016,"pensions","real_values","fyear","outtrun",0,"outtrun",0,NA
"486",2015,2016,"pensions","real_values","fyear","outtrun",0,"outtrun",0,NA
"487",2013,2017,"pensions","real_values","fyear","outtrun",0,"outtrun",0,NA
"488",2014,2017,"pensions","real_values","fyear","outtrun",0,"outtrun",0,NA
"489",2015,2017,"pensions","real_values","fyear","outtrun",0,"outtrun",0,NA
"490",2016,2017,"pensions","real_values","fyear","outtrun",0,"outtrun",0,NA
"491",2013,2018,"pensions","real_values","fyear","outtrun",0,"outtrun",0,NA
"492",2014,2018,"pensions","real_values","fyear","outtrun",0,"outtrun",0,NA
"493",2015,2018,"pensions","real_values","fyear","outtrun",0,"outtrun",0,NA
"494",2016,2018,"pensions","real_values","fyear","outtrun",0,"outtrun",0,NA
"495",2017,2018,"pensions","real_values","fyear","outtrun",0,"outtrun",0,NA
"496",2013,2019,"pensions","real_values","fyear","outtrun",0,"outtrun",3638.43858722751,Inf
"497",2014,2019,"pensions","real_values","fyear","outtrun",0,"outtrun",3638.43858722751,Inf
"498",2015,2019,"pensions","real_values","fyear","outtrun",0,"outtrun",3638.43858722751,Inf
"499",2016,2019,"pensions","real_values","fyear","outtrun",0,"outtrun",3638.43858722751,Inf
"500",2017,2019,"pensions","real_values","fyear","outtrun",0,"outtrun",3638.43858722751,Inf
"501",2018,2019,"pensions","real_values","fyear","outtrun",0,"outtrun",3638.43858722751,Inf
"502",2013,2020,"pensions","real_values","fyear","outtrun",0,"outtrun",3458.19687719692,Inf
"503",2014,2020,"pensions","real_values","fyear","outtrun",0,"outtrun",3458.19687719692,Inf
"504",2015,2020,"pensions","real_values","fyear","outtrun",0,"outtrun",3458.19687719692,Inf
"505",2016,2020,"pensions","real_values","fyear","outtrun",0,"outtrun",3458.19687719692,Inf
"506",2017,2020,"pensions","real_values","fyear","outtrun",0,"outtrun",3458.19687719692,Inf
"507",2018,2020,"pensions","real_values","fyear","outtrun",0,"outtrun",3458.19687719692,Inf
"508",2019,2020,"pensions","real_values","fyear","outtrun",3638.43858722751,"outtrun",3458.19687719692,-0.0495382031905962
"509",2013,2021,"pensions","real_values","fyear","outtrun",0,"outtrun",3449.50794031954,Inf
"510",2014,2021,"pensions","real_values","fyear","outtrun",0,"outtrun",3449.50794031954,Inf
"511",2015,2021,"pensions","real_values","fyear","outtrun",0,"outtrun",3449.50794031954,Inf
"512",2016,2021,"pensions","real_values","fyear","outtrun",0,"outtrun",3449.50794031954,Inf
"513",2017,2021,"pensions","real_values","fyear","outtrun",0,"outtrun",3449.50794031954,Inf
"514",2018,2021,"pensions","real_values","fyear","outtrun",0,"outtrun",3449.50794031954,Inf
"515",2019,2021,"pensions","real_values","fyear","outtrun",3638.43858722751,"outtrun",3449.50794031954,-0.0263092370559604
"516",2020,2021,"pensions","real_values","fyear","outtrun",3458.19687719692,"outtrun",3449.50794031954,-0.00251256281407042
"517",2013,2022,"pensions","real_values","fyear","outtrun",0,"outtrun",3224.46175423398,Inf
"518",2014,2022,"pensions","real_values","fyear","outtrun",0,"outtrun",3224.46175423398,Inf
"519",2015,2022,"pensions","real_values","fyear","outtrun",0,"outtrun",3224.46175423398,Inf
"520",2016,2022,"pensions","real_values","fyear","outtrun",0,"outtrun",3224.46175423398,Inf
"521",2017,2022,"pensions","real_values","fyear","outtrun",0,"outtrun",3224.46175423398,Inf
"522",2018,2022,"pensions","real_values","fyear","outtrun",0,"outtrun",3224.46175423398,Inf
"523",2019,2022,"pensions","real_values","fyear","outtrun",3638.43858722751,"outtrun",3224.46175423398,-0.0394630845026361
"524",2020,2022,"pensions","real_values","fyear","outtrun",3458.19687719692,"outtrun",3224.46175423398,-0.0343855461487592
"525",2021,2022,"pensions","real_values","fyear","outtrun",3449.50794031954,"outtrun",3224.46175423398,-0.0652400835073069
"526",2013,2023,"pensions","real_values","fyear","outtrun",0,"outtrun",3062.23976263311,Inf
"527",2014,2023,"pensions","real_values","fyear","outtrun",0,"outtrun",3062.23976263311,Inf
"528",2015,2023,"pensions","real_values","fyear","outtrun",0,"outtrun",3062.23976263311,Inf
"529",2016,2023,"pensions","real_values","fyear","outtrun",0,"outtrun",3062.23976263311,Inf
"530",2017,2023,"pensions","real_values","fyear","outtrun",0,"outtrun",3062.23976263311,Inf
"531",2018,2023,"pensions","real_values","fyear","outtrun",0,"outtrun",3062.23976263311,Inf
"532",2019,2023,"pensions","real_values","fyear","outtrun",3638.43858722751,"outtrun",3062.23976263311,-0.0421863198791591
"533",2020,2023,"pensions","real_values","fyear","outtrun",3458.19687719692,"outtrun",3062.23976263311,-0.0397230765851131
"534",2021,2023,"pensions","real_values","fyear","outtrun",3449.50794031954,"outtrun",3062.23976263311,-0.0578045096650934
"535",2022,2023,"pensions","real_values","fyear","outtrun",3224.46175423398,"outtrun",3062.23976263311,-0.0503097893432466
"536",2013,2024,"pensions","real_values","fyear","outtrun",0,"planned",2943.33907628028,Inf
"537",2014,2024,"pensions","real_values","fyear","outtrun",0,"planned",2943.33907628028,Inf
"538",2015,2024,"pensions","real_values","fyear","outtrun",0,"planned",2943.33907628028,Inf
"539",2016,2024,"pensions","real_values","fyear","outtrun",0,"planned",2943.33907628028,Inf
"540",2017,2024,"pensions","real_values","fyear","outtrun",0,"planned",2943.33907628028,Inf
"541",2018,2024,"pensions","real_values","fyear","outtrun",0,"planned",2943.33907628028,Inf
"542",2019,2024,"pensions","real_values","fyear","outtrun",3638.43858722751,"planned",2943.33907628028,-0.041515598591626
"543",2020,2024,"pensions","real_values","fyear","outtrun",3458.19687719692,"planned",2943.33907628028,-0.0394993889448493
"544",2021,2024,"pensions","real_values","fyear","outtrun",3449.50794031954,"planned",2943.33907628028,-0.051521008706789
"545",2022,2024,"pensions","real_values","fyear","outtrun",3224.46175423398,"planned",2943.33907628028,-0.044586149101446
"546",2023,2024,"pensions","real_values","fyear","outtrun",3062.23976263311,"planned",2943.33907628028,-0.0388280133396853
"547",2013,2025,"pensions","real_values","fyear","outtrun",0,"planned",4816,Inf
"548",2014,2025,"pensions","real_values","fyear","outtrun",0,"planned",4816,Inf
"549",2015,2025,"pensions","real_values","fyear","outtrun",0,"planned",4816,Inf
"550",2016,2025,"pensions","real_values","fyear","outtrun",0,"planned",4816,Inf
"551",2017,2025,"pensions","real_values","fyear","outtrun",0,"planned",4816,Inf
"552",2018,2025,"pensions","real_values","fyear","outtrun",0,"planned",4816,Inf
"553",2019,2025,"pensions","real_values","fyear","outtrun",3638.43858722751,"planned",4816,0.047840639709062
"554",2020,2025,"pensions","real_values","fyear","outtrun",3458.19687719692,"planned",4816,0.0684823505873458
"555",2021,2025,"pensions","real_values","fyear","outtrun",3449.50794031954,"planned",4816,0.0870069787182104
"556",2022,2025,"pensions","real_values","fyear","outtrun",3224.46175423398,"planned",4816,0.143079447037566
"557",2023,2025,"pensions","real_values","fyear","outtrun",3062.23976263311,"planned",4816,0.254075384464103
"558",2024,2025,"pensions","real_values","fyear","planned",2943.33907628028,"planned",4816,0.636236898022074
"559",2013,2026,"pensions","real_values","fyear","outtrun",0,"planned",4721.30284934636,Inf
"560",2014,2026,"pensions","real_values","fyear","outtrun",0,"planned",4721.30284934636,Inf
"561",2015,2026,"pensions","real_values","fyear","outtrun",0,"planned",4721.30284934636,Inf
"562",2016,2026,"pensions","real_values","fyear","outtrun",0,"planned",4721.30284934636,Inf
"563",2017,2026,"pensions","real_values","fyear","outtrun",0,"planned",4721.30284934636,Inf
"564",2018,2026,"pensions","real_values","fyear","outtrun",0,"planned",4721.30284934636,Inf
"565",2019,2026,"pensions","real_values","fyear","outtrun",3638.43858722751,"planned",4721.30284934636,0.0379198792258926
"566",2020,2026,"pensions","real_values","fyear","outtrun",3458.19687719692,"planned",4721.30284934636,0.0532594333313525
"567",2021,2026,"pensions","real_values","fyear","outtrun",3449.50794031954,"planned",4721.30284934636,0.0647825914166342
"568",2022,2026,"pensions","real_values","fyear","outtrun",3224.46175423398,"planned",4721.30284934636,0.100021458813703
"569",2023,2026,"pensions","real_values","fyear","outtrun",3062.23976263311,"planned",4721.30284934636,0.155245332728032
"570",2024,2026,"pensions","real_values","fyear","planned",2943.33907628028,"planned",4721.30284934636,0.266516294182457
"571",2025,2026,"pensions","real_values","fyear","planned",4816,"planned",4721.30284934636,-0.0196630296207723
"572",2013,2027,"pensions","real_values","fyear","outtrun",0,"planned",4631.36269983147,Inf
"573",2014,2027,"pensions","real_values","fyear","outtrun",0,"planned",4631.36269983147,Inf
"574",2015,2027,"pensions","real_values","fyear","outtrun",0,"planned",4631.36269983147,Inf
"575",2016,2027,"pensions","real_values","fyear","outtrun",0,"planned",4631.36269983147,Inf
"576",2017,2027,"pensions","real_values","fyear","outtrun",0,"planned",4631.36269983147,Inf
"577",2018,2027,"pensions","real_values","fyear","outtrun",0,"planned",4631.36269983147,Inf
"578",2019,2027,"pensions","real_values","fyear","outtrun",3638.43858722751,"planned",4631.36269983147,0.0306215473724236
"579",2020,2027,"pensions","real_values","fyear","outtrun",3458.19687719692,"planned",4631.36269983147,0.0426120155092784
"580",2021,2027,"pensions","real_values","fyear","outtrun",3449.50794031954,"planned",4631.36269983147,0.0503288002608786
"581",2022,2027,"pensions","real_values","fyear","outtrun",3224.46175423398,"planned",4631.36269983147,0.0751035915841052
"582",2023,2027,"pensions","real_values","fyear","outtrun",3062.23976263311,"planned",4631.36269983147,0.108963878835308
"583",2024,2027,"pensions","real_values","fyear","planned",2943.33907628028,"planned",4631.36269983147,0.163115470963993
"584",2025,2027,"pensions","real_values","fyear","planned",4816,"planned",4631.36269983147,-0.0193564918053344
"585",2026,2027,"pensions","real_values","fyear","planned",4721.30284934636,"planned",4631.36269983147,-0.0190498581397602
"586",2013,2028,"pensions","real_values","fyear","outtrun",0,"planned",4546.55509152665,Inf
"587",2014,2028,"pensions","real_values","fyear","outtrun",0,"planned",4546.55509152665,Inf
"588",2015,2028,"pensions","real_values","fyear","outtrun",0,"planned",4546.55509152665,Inf
"589",2016,2028,"pensions","real_values","fyear","outtrun",0,"planned",4546.55509152665,Inf
"590",2017,2028,"pensions","real_values","fyear","outtrun",0,"planned",4546.55509152665,Inf
"591",2018,2028,"pensions","real_values","fyear","outtrun",0,"planned",4546.55509152665,Inf
"592",2019,2028,"pensions","real_values","fyear","outtrun",3638.43858722751,"planned",4546.55509152665,0.0250662490388116
"593",2020,2028,"pensions","real_values","fyear","outtrun",3458.19687719692,"planned",4546.55509152665,0.0347944552133244
"594",2021,2028,"pensions","real_values","fyear","outtrun",3449.50794031954,"planned",4546.55509152665,0.0402367363644536
"595",2022,2028,"pensions","real_values","fyear","outtrun",3224.46175423398,"planned",4546.55509152665,0.0589388242790112
"596",2023,2028,"pensions","real_values","fyear","outtrun",3062.23976263311,"planned",4546.55509152665,0.0822526385213653
"597",2024,2028,"pensions","real_values","fyear","planned",2943.33907628028,"planned",4546.55509152665,0.114834860296364
"598",2025,2028,"pensions","real_values","fyear","planned",4816,"planned",4546.55509152665,-0.0190083143638552
"599",2026,2028,"pensions","real_values","fyear","planned",4721.30284934636,"planned",4546.55509152665,-0.0186807927849973
"600",2027,2028,"pensions","real_values","fyear","planned",4631.36269983147,"planned",4546.55509152665,-0.0183115885758419
"601",2013,2014,"nics","real_values","fyear","outtrun",0,"outtrun",0,NA
"602",2013,2015,"nics","real_values","fyear","outtrun",0,"outtrun",0,NA
"603",2014,2015,"nics","real_values","fyear","outtrun",0,"outtrun",0,NA
"604",2013,2016,"nics","real_values","fyear","outtrun",0,"outtrun",0,NA
"605",2014,2016,"nics","real_values","fyear","outtrun",0,"outtrun",0,NA
"606",2015,2016,"nics","real_values","fyear","outtrun",0,"outtrun",0,NA
"607",2013,2017,"nics","real_values","fyear","outtrun",0,"outtrun",0,NA
"608",2014,2017,"nics","real_values","fyear","outtrun",0,"outtrun",0,NA
"609",2015,2017,"nics","real_values","fyear","outtrun",0,"outtrun",0,NA
"610",2016,2017,"nics","real_values","fyear","outtrun",0,"outtrun",0,NA
"611",2013,2018,"nics","real_values","fyear","outtrun",0,"outtrun",0,NA
"612",2014,2018,"nics","real_values","fyear","outtrun",0,"outtrun",0,NA
"613",2015,2018,"nics","real_values","fyear","outtrun",0,"outtrun",0,NA
"614",2016,2018,"nics","real_values","fyear","outtrun",0,"outtrun",0,NA
"615",2017,2018,"nics","real_values","fyear","outtrun",0,"outtrun",0,NA
"616",2013,2019,"nics","real_values","fyear","outtrun",0,"outtrun",0,NA
"617",2014,2019,"nics","real_values","fyear","outtrun",0,"outtrun",0,NA
"618",2015,2019,"nics","real_values","fyear","outtrun",0,"outtrun",0,NA
"619",2016,2019,"nics","real_values","fyear","outtrun",0,"outtrun",0,NA
"620",2017,2019,"nics","real_values","fyear","outtrun",0,"outtrun",0,NA
"621",2018,2019,"nics","real_values","fyear","outtrun",0,"outtrun",0,NA
"622",2013,2020,"nics","real_values","fyear","outtrun",0,"outtrun",0,NA
"623",2014,2020,"nics","real_values","fyear","outtrun",0,"outtrun",0,NA
"624",2015,2020,"nics","real_values","fyear","outtrun",0,"outtrun",0,NA
"625",2016,2020,"nics","real_values","fyear","outtrun",0,"outtrun",0,NA
"626",2017,2020,"nics","real_values","fyear","outtrun",0,"outtrun",0,NA
"627",2018,2020,"nics","real_values","fyear","outtrun",0,"outtrun",0,NA
"628",2019,2020,"nics","real_values","fyear","outtrun",0,"outtrun",0,NA
"629",2013,2021,"nics","real_values","fyear","outtrun",0,"outtrun",0,NA
"630",2014,2021,"nics","real_values","fyear","outtrun",0,"outtrun",0,NA
"631",2015,2021,"nics","real_values","fyear","outtrun",0,"outtrun",0,NA
"632",2016,2021,"nics","real_values","fyear","outtrun",0,"outtrun",0,NA
"633",2017,2021,"nics","real_values","fyear","outtrun",0,"outtrun",0,NA
"634",2018,2021,"nics","real_values","fyear","outtrun",0,"outtrun",0,NA
"635",2019,2021,"nics","real_values","fyear","outtrun",0,"outtrun",0,NA
"636",2020,2021,"nics","real_values","fyear","outtrun",0,"outtrun",0,NA
"637",2013,2022,"nics","real_values","fyear","outtrun",0,"outtrun",0,NA
"638",2014,2022,"nics","real_values","fyear","outtrun",0,"outtrun",0,NA
"639",2015,2022,"nics","real_values","fyear","outtrun",0,"outtrun",0,NA
"640",2016,2022,"nics","real_values","fyear","outtrun",0,"outtrun",0,NA
"641",2017,2022,"nics","real_values","fyear","outtrun",0,"outtrun",0,NA
"642",2018,2022,"nics","real_values","fyear","outtrun",0,"outtrun",0,NA
"643",2019,2022,"nics","real_values","fyear","outtrun",0,"outtrun",0,NA
"644",2020,2022,"nics","real_values","fyear","outtrun",0,"outtrun",0,NA
"645",2021,2022,"nics","real_values","fyear","outtrun",0,"outtrun",0,NA
"646",2013,2023,"nics","real_values","fyear","outtrun",0,"outtrun",0,NA
"647",2014,2023,"nics","real_values","fyear","outtrun",0,"outtrun",0,NA
"648",2015,2023,"nics","real_values","fyear","outtrun",0,"outtrun",0,NA
"649",2016,2023,"nics","real_values","fyear","outtrun",0,"outtrun",0,NA
"650",2017,2023,"nics","real_values","fyear","outtrun",0,"outtrun",0,NA
"651",2018,2023,"nics","real_values","fyear","outtrun",0,"outtrun",0,NA
"652",2019,2023,"nics","real_values","fyear","outtrun",0,"outtrun",0,NA
"653",2020,2023,"nics","real_values","fyear","outtrun",0,"outtrun",0,NA
"654",2021,2023,"nics","real_values","fyear","outtrun",0,"outtrun",0,NA
"655",2022,2023,"nics","real_values","fyear","outtrun",0,"outtrun",0,NA
"656",2013,2024,"nics","real_values","fyear","outtrun",0,"planned",0,NA
"657",2014,2024,"nics","real_values","fyear","outtrun",0,"planned",0,NA
"658",2015,2024,"nics","real_values","fyear","outtrun",0,"planned",0,NA
"659",2016,2024,"nics","real_values","fyear","outtrun",0,"planned",0,NA
"660",2017,2024,"nics","real_values","fyear","outtrun",0,"planned",0,NA
"661",2018,2024,"nics","real_values","fyear","outtrun",0,"planned",0,NA
"662",2019,2024,"nics","real_values","fyear","outtrun",0,"planned",0,NA
"663",2020,2024,"nics","real_values","fyear","outtrun",0,"planned",0,NA
"664",2021,2024,"nics","real_values","fyear","outtrun",0,"planned",0,NA
"665",2022,2024,"nics","real_values","fyear","outtrun",0,"planned",0,NA
"666",2023,2024,"nics","real_values","fyear","outtrun",0,"planned",0,NA
"667",2013,2025,"nics","real_values","fyear","outtrun",0,"planned",1427,Inf
"668",2014,2025,"nics","real_values","fyear","outtrun",0,"planned",1427,Inf
"669",2015,2025,"nics","real_values","fyear","outtrun",0,"planned",1427,Inf
"670",2016,2025,"nics","real_values","fyear","outtrun",0,"planned",1427,Inf
"671",2017,2025,"nics","real_values","fyear","outtrun",0,"planned",1427,Inf
"672",2018,2025,"nics","real_values","fyear","outtrun",0,"planned",1427,Inf
"673",2019,2025,"nics","real_values","fyear","outtrun",0,"planned",1427,Inf
"674",2020,2025,"nics","real_values","fyear","outtrun",0,"planned",1427,Inf
"675",2021,2025,"nics","real_values","fyear","outtrun",0,"planned",1427,Inf
"676",2022,2025,"nics","real_values","fyear","outtrun",0,"planned",1427,Inf
"677",2023,2025,"nics","real_values","fyear","outtrun",0,"planned",1427,Inf
"678",2024,2025,"nics","real_values","fyear","planned",0,"planned",1427,Inf
"679",2013,2026,"nics","real_values","fyear","outtrun",0,"planned",1398.94085673116,Inf
"680",2014,2026,"nics","real_values","fyear","outtrun",0,"planned",1398.94085673116,Inf
"681",2015,2026,"nics","real_values","fyear","outtrun",0,"planned",1398.94085673116,Inf
"682",2016,2026,"nics","real_values","fyear","outtrun",0,"planned",1398.94085673116,Inf
"683",2017,2026,"nics","real_values","fyear","outtrun",0,"planned",1398.94085673116,Inf
"684",2018,2026,"nics","real_values","fyear","outtrun",0,"planned",1398.94085673116,Inf
"685",2019,2026,"nics","real_values","fyear","outtrun",0,"planned",1398.94085673116,Inf
"686",2020,2026,"nics","real_values","fyear","outtrun",0,"planned",1398.94085673116,Inf
"687",2021,2026,"nics","real_values","fyear","outtrun",0,"planned",1398.94085673116,Inf
"688",2022,2026,"nics","real_values","fyear","outtrun",0,"planned",1398.94085673116,Inf
"689",2023,2026,"nics","real_values","fyear","outtrun",0,"planned",1398.94085673116,Inf
"690",2024,2026,"nics","real_values","fyear","planned",0,"planned",1398.94085673116,Inf
"691",2025,2026,"nics","real_values","fyear","planned",1427,"planned",1398.94085673116,-0.0196630296207723
"692",2013,2027,"nics","real_values","fyear","outtrun",0,"planned",1372.29123186451,Inf
"693",2014,2027,"nics","real_values","fyear","outtrun",0,"planned",1372.29123186451,Inf
"694",2015,2027,"nics","real_values","fyear","outtrun",0,"planned",1372.29123186451,Inf
"695",2016,2027,"nics","real_values","fyear","outtrun",0,"planned",1372.29123186451,Inf
"696",2017,2027,"nics","real_values","fyear","outtrun",0,"planned",1372.29123186451,Inf
"697",2018,2027,"nics","real_values","fyear","outtrun",0,"planned",1372.29123186451,Inf
"698",2019,2027,"nics","real_values","fyear","outtrun",0,"planned",1372.29123186451,Inf
"699",2020,2027,"nics","real_values","fyear","outtrun",0,"planned",1372.29123186451,Inf
"700",2021,2027,"nics","real_values","fyear","outtrun",0,"planned",1372.29123186451,Inf
"701",2022,2027,"nics","real_values","fyear","outtrun",0,"planned",1372.29123186451,Inf
"702",2023,2027,"nics","real_values","fyear","outtrun",0,"planned",1372.29123186451,Inf
"703",2024,2027,"nics","real_values","fyear","planned",0,"planned",1372.29123186451,Inf
"704",2025,2027,"nics","real_values","fyear","planned",1427,"planned",1372.29123186451,-0.0193564918053345
"705",2026,2027,"nics","real_values","fyear","planned",1398.94085673116,"planned",1372.29123186451,-0.0190498581397603
"706",2013,2028,"nics","real_values","fyear","outtrun",0,"planned",1347.16239942038,Inf
"707",2014,2028,"nics","real_values","fyear","outtrun",0,"planned",1347.16239942038,Inf
"708",2015,2028,"nics","real_values","fyear","outtrun",0,"planned",1347.16239942038,Inf
"709",2016,2028,"nics","real_values","fyear","outtrun",0,"planned",1347.16239942038,Inf
"710",2017,2028,"nics","real_values","fyear","outtrun",0,"planned",1347.16239942038,Inf
"711",2018,2028,"nics","real_values","fyear","outtrun",0,"planned",1347.16239942038,Inf
"712",2019,2028,"nics","real_values","fyear","outtrun",0,"planned",1347.16239942038,Inf
"713",2020,2028,"nics","real_values","fyear","outtrun",0,"planned",1347.16239942038,Inf
"714",2021,2028,"nics","real_values","fyear","outtrun",0,"planned",1347.16239942038,Inf
"715",2022,2028,"nics","real_values","fyear","outtrun",0,"planned",1347.16239942038,Inf
"716",2023,2028,"nics","real_values","fyear","outtrun",0,"planned",1347.16239942038,Inf
"717",2024,2028,"nics","real_values","fyear","planned",0,"planned",1347.16239942038,Inf
"718",2025,2028,"nics","real_values","fyear","planned",1427,"planned",1347.16239942038,-0.0190083143638552
"719",2026,2028,"nics","real_values","fyear","planned",1398.94085673116,"planned",1347.16239942038,-0.0186807927849973
"720",2027,2028,"nics","real_values","fyear","planned",1372.29123186451,"planned",1347.16239942038,-0.0183115885758418
"721",2013,2014,"adjustments","real_values","fyear","outtrun",0,"outtrun",0,NA
"722",2013,2015,"adjustments","real_values","fyear","outtrun",0,"outtrun",0,NA
"723",2014,2015,"adjustments","real_values","fyear","outtrun",0,"outtrun",0,NA
"724",2013,2016,"adjustments","real_values","fyear","outtrun",0,"outtrun",0,NA
"725",2014,2016,"adjustments","real_values","fyear","outtrun",0,"outtrun",0,NA
"726",2015,2016,"adjustments","real_values","fyear","outtrun",0,"outtrun",0,NA
"727",2013,2017,"adjustments","real_values","fyear","outtrun",0,"outtrun",0,NA
"728",2014,2017,"adjustments","real_values","fyear","outtrun",0,"outtrun",0,NA
"729",2015,2017,"adjustments","real_values","fyear","outtrun",0,"outtrun",0,NA
"730",2016,2017,"adjustments","real_values","fyear","outtrun",0,"outtrun",0,NA
"731",2013,2018,"adjustments","real_values","fyear","outtrun",0,"outtrun",0,NA
"732",2014,2018,"adjustments","real_values","fyear","outtrun",0,"outtrun",0,NA
"733",2015,2018,"adjustments","real_values","fyear","outtrun",0,"outtrun",0,NA
"734",2016,2018,"adjustments","real_values","fyear","outtrun",0,"outtrun",0,NA
"735",2017,2018,"adjustments","real_values","fyear","outtrun",0,"outtrun",0,NA
"736",2013,2019,"adjustments","real_values","fyear","outtrun",0,"outtrun",0,NA
"737",2014,2019,"adjustments","real_values","fyear","outtrun",0,"outtrun",0,NA
"738",2015,2019,"adjustments","real_values","fyear","outtrun",0,"outtrun",0,NA
"739",2016,2019,"adjustments","real_values","fyear","outtrun",0,"outtrun",0,NA
"740",2017,2019,"adjustments","real_values","fyear","outtrun",0,"outtrun",0,NA
"741",2018,2019,"adjustments","real_values","fyear","outtrun",0,"outtrun",0,NA
"742",2013,2020,"adjustments","real_values","fyear","outtrun",0,"outtrun",0,NA
"743",2014,2020,"adjustments","real_values","fyear","outtrun",0,"outtrun",0,NA
"744",2015,2020,"adjustments","real_values","fyear","outtrun",0,"outtrun",0,NA
"745",2016,2020,"adjustments","real_values","fyear","outtrun",0,"outtrun",0,NA
"746",2017,2020,"adjustments","real_values","fyear","outtrun",0,"outtrun",0,NA
"747",2018,2020,"adjustments","real_values","fyear","outtrun",0,"outtrun",0,NA
"748",2019,2020,"adjustments","real_values","fyear","outtrun",0,"outtrun",0,NA
"749",2013,2021,"adjustments","real_values","fyear","outtrun",0,"outtrun",0,NA
"750",2014,2021,"adjustments","real_values","fyear","outtrun",0,"outtrun",0,NA
"751",2015,2021,"adjustments","real_values","fyear","outtrun",0,"outtrun",0,NA
"752",2016,2021,"adjustments","real_values","fyear","outtrun",0,"outtrun",0,NA
"753",2017,2021,"adjustments","real_values","fyear","outtrun",0,"outtrun",0,NA
"754",2018,2021,"adjustments","real_values","fyear","outtrun",0,"outtrun",0,NA
"755",2019,2021,"adjustments","real_values","fyear","outtrun",0,"outtrun",0,NA
"756",2020,2021,"adjustments","real_values","fyear","outtrun",0,"outtrun",0,NA
"757",2013,2022,"adjustments","real_values","fyear","outtrun",0,"outtrun",0,NA
"758",2014,2022,"adjustments","real_values","fyear","outtrun",0,"outtrun",0,NA
"759",2015,2022,"adjustments","real_values","fyear","outtrun",0,"outtrun",0,NA
"760",2016,2022,"adjustments","real_values","fyear","outtrun",0,"outtrun",0,NA
"761",2017,2022,"adjustments","real_values","fyear","outtrun",0,"outtrun",0,NA
"762",2018,2022,"adjustments","real_values","fyear","outtrun",0,"outtrun",0,NA
"763",2019,2022,"adjustments","real_values","fyear","outtrun",0,"outtrun",0,NA
"764",2020,2022,"adjustments","real_values","fyear","outtrun",0,"outtrun",0,NA
"765",2021,2022,"adjustments","real_values","fyear","outtrun",0,"outtrun",0,NA
"766",2013,2023,"adjustments","real_values","fyear","outtrun",0,"outtrun",0,NA
"767",2014,2023,"adjustments","real_values","fyear","outtrun",0,"outtrun",0,NA
"768",2015,2023,"adjustments","real_values","fyear","outtrun",0,"outtrun",0,NA
"769",2016,2023,"adjustments","real_values","fyear","outtrun",0,"outtrun",0,NA
"770",2017,2023,"adjustments","real_values","fyear","outtrun",0,"outtrun",0,NA
"771",2018,2023,"adjustments","real_values","fyear","outtrun",0,"outtrun",0,NA
"772",2019,2023,"adjustments","real_values","fyear","outtrun",0,"outtrun",0,NA
"773",2020,2023,"adjustments","real_values","fyear","outtrun",0,"outtrun",0,NA
"774",2021,2023,"adjustments","real_values","fyear","outtrun",0,"outtrun",0,NA
"775",2022,2023,"adjustments","real_values","fyear","outtrun",0,"outtrun",0,NA
"776",2013,2024,"adjustments","real_values","fyear","outtrun",0,"planned",0,NA
"777",2014,2024,"adjustments","real_values","fyear","outtrun",0,"planned",0,NA
"778",2015,2024,"adjustments","real_values","fyear","outtrun",0,"planned",0,NA
"779",2016,2024,"adjustments","real_values","fyear","outtrun",0,"planned",0,NA
"780",2017,2024,"adjustments","real_values","fyear","outtrun",0,"planned",0,NA
"781",2018,2024,"adjustments","real_values","fyear","outtrun",0,"planned",0,NA
"782",2019,2024,"adjustments","real_values","fyear","outtrun",0,"planned",0,NA
"783",2020,2024,"adjustments","real_values","fyear","outtrun",0,"planned",0,NA
"784",2021,2024,"adjustments","real_values","fyear","outtrun",0,"planned",0,NA
"785",2022,2024,"adjustments","real_values","fyear","outtrun",0,"planned",0,NA
"786",2023,2024,"adjustments","real_values","fyear","outtrun",0,"planned",0,NA
"787",2013,2025,"adjustments","real_values","fyear","outtrun",0,"planned",-210,NA
"788",2014,2025,"adjustments","real_values","fyear","outtrun",0,"planned",-210,NA
"789",2015,2025,"adjustments","real_values","fyear","outtrun",0,"planned",-210,NA
"790",2016,2025,"adjustments","real_values","fyear","outtrun",0,"planned",-210,NA
"791",2017,2025,"adjustments","real_values","fyear","outtrun",0,"planned",-210,NA
"792",2018,2025,"adjustments","real_values","fyear","outtrun",0,"planned",-210,NA
"793",2019,2025,"adjustments","real_values","fyear","outtrun",0,"planned",-210,NA
"794",2020,2025,"adjustments","real_values","fyear","outtrun",0,"planned",-210,NA
"795",2021,2025,"adjustments","real_values","fyear","outtrun",0,"planned",-210,NA
"796",2022,2025,"adjustments","real_values","fyear","outtrun",0,"planned",-210,NA
"797",2023,2025,"adjustments","real_values","fyear","outtrun",0,"planned",-210,NA
"798",2024,2025,"adjustments","real_values","fyear","planned",0,"planned",-210,-Inf
"799",2013,2026,"adjustments","real_values","fyear","outtrun",0,"planned",-1186.20773415887,NA
"800",2014,2026,"adjustments","real_values","fyear","outtrun",0,"planned",-1186.20773415887,NA
"801",2015,2026,"adjustments","real_values","fyear","outtrun",0,"planned",-1186.20773415887,NA
"802",2016,2026,"adjustments","real_values","fyear","outtrun",0,"planned",-1186.20773415887,NA
"803",2017,2026,"adjustments","real_values","fyear","outtrun",0,"planned",-1186.20773415887,NA
"804",2018,2026,"adjustments","real_values","fyear","outtrun",0,"planned",-1186.20773415887,NA
"805",2019,2026,"adjustments","real_values","fyear","outtrun",0,"planned",-1186.20773415887,NA
"806",2020,2026,"adjustments","real_values","fyear","outtrun",0,"planned",-1186.20773415887,NA
"807",2021,2026,"adjustments","real_values","fyear","outtrun",0,"planned",-1186.20773415887,NA
"808",2022,2026,"adjustments","real_values","fyear","outtrun",0,"planned",-1186.20773415887,NA
"809",2023,2026,"adjustments","real_values","fyear","outtrun",0,"planned",-1186.20773415887,NA
"810",2024,2026,"adjustments","real_values","fyear","planned",0,"planned",-1186.20773415887,NA
"811",2025,2026,"adjustments","real_values","fyear","planned",-210,"planned",-1186.20773415887,4.64860825789936
"812",2013,2027,"adjustments","real_values","fyear","outtrun",0,"planned",-1548.27532116459,NA
"813",2014,2027,"adjustments","real_values","fyear","outtrun",0,"planned",-1548.27532116459,NA
"814",2015,2027,"adjustments","real_values","fyear","outtrun",0,"planned",-1548.27532116459,NA
"815",2016,2027,"adjustments","real_values","fyear","outtrun",0,"planned",-1548.27532116459,NA
"816",2017,2027,"adjustments","real_values","fyear","outtrun",0,"planned",-1548.27532116459,NA
"817",2018,2027,"adjustments","real_values","fyear","outtrun",0,"planned",-1548.27532116459,NA
"818",2019,2027,"adjustments","real_values","fyear","outtrun",0,"planned",-1548.27532116459,NA
"819",2020,2027,"adjustments","real_values","fyear","outtrun",0,"planned",-1548.27532116459,NA
"820",2021,2027,"adjustments","real_values","fyear","outtrun",0,"planned",-1548.27532116459,NA
"821",2022,2027,"adjustments","real_values","fyear","outtrun",0,"planned",-1548.27532116459,NA
"822",2023,2027,"adjustments","real_values","fyear","outtrun",0,"planned",-1548.27532116459,NA
"823",2024,2027,"adjustments","real_values","fyear","planned",0,"planned",-1548.27532116459,NA
"824",2025,2027,"adjustments","real_values","fyear","planned",-210,"planned",-1548.27532116459,1.71527892206184
"825",2026,2027,"adjustments","real_values","fyear","planned",-1186.20773415887,"planned",-1548.27532116459,0.305231180491724
"826",2013,2028,"adjustments","real_values","fyear","outtrun",0,"planned",-1519.92394048129,NA
"827",2014,2028,"adjustments","real_values","fyear","outtrun",0,"planned",-1519.92394048129,NA
"828",2015,2028,"adjustments","real_values","fyear","outtrun",0,"planned",-1519.92394048129,NA
"829",2016,2028,"adjustments","real_values","fyear","outtrun",0,"planned",-1519.92394048129,NA
"830",2017,2028,"adjustments","real_values","fyear","outtrun",0,"planned",-1519.92394048129,NA
"831",2018,2028,"adjustments","real_values","fyear","outtrun",0,"planned",-1519.92394048129,NA
"832",2019,2028,"adjustments","real_values","fyear","outtrun",0,"planned",-1519.92394048129,NA
"833",2020,2028,"adjustments","real_values","fyear","outtrun",0,"planned",-1519.92394048129,NA
"834",2021,2028,"adjustments","real_values","fyear","outtrun",0,"planned",-1519.92394048129,NA
"835",2022,2028,"adjustments","real_values","fyear","outtrun",0,"planned",-1519.92394048129,NA
"836",2023,2028,"adjustments","real_values","fyear","outtrun",0,"planned",-1519.92394048129,NA
"837",2024,2028,"adjustments","real_values","fyear","planned",0,"planned",-1519.92394048129,NA
"838",2025,2028,"adjustments","real_values","fyear","planned",-210,"planned",-1519.92394048129,0.934346121313057
"839",2026,2028,"adjustments","real_values","fyear","planned",-1186.20773415887,"planned",-1519.92394048129,0.13195862297091
"840",2027,2028,"adjustments","real_values","fyear","planned",-1548.27532116459,"planned",-1519.92394048129,-0.018311588575842
"841",2013,2014,"other_rdel","real_values","fyear","outtrun",15142.0238765755,"outtrun",15712.3691761657,0.0376663849059502
"842",2013,2015,"other_rdel","real_values","fyear","outtrun",15142.0238765755,"outtrun",16638.2219438477,0.0482418471027937
"843",2014,2015,"other_rdel","real_values","fyear","outtrun",15712.3691761657,"outtrun",16638.2219438477,0.0589250899912968
"844",2013,2016,"other_rdel","real_values","fyear","outtrun",15142.0238765755,"outtrun",13971.0345744717,-0.0264725230997253
"845",2014,2016,"other_rdel","real_values","fyear","outtrun",15712.3691761657,"outtrun",13971.0345744717,-0.0570396182228475
"846",2015,2016,"other_rdel","real_values","fyear","outtrun",16638.2219438477,"outtrun",13971.0345744717,-0.160304831752904
"847",2013,2017,"other_rdel","real_values","fyear","outtrun",15142.0238765755,"outtrun",13816.4428806577,-0.0226433330393967
"848",2014,2017,"other_rdel","real_values","fyear","outtrun",15712.3691761657,"outtrun",13816.4428806577,-0.0419573197605722
"849",2015,2017,"other_rdel","real_values","fyear","outtrun",16638.2219438477,"outtrun",13816.4428806577,-0.0887350499386547
"850",2016,2017,"other_rdel","real_values","fyear","outtrun",13971.0345744717,"outtrun",13816.4428806577,-0.0110651572000657
"851",2013,2018,"other_rdel","real_values","fyear","outtrun",15142.0238765755,"outtrun",13142.126510831,-0.0279326787050325
"852",2014,2018,"other_rdel","real_values","fyear","outtrun",15712.3691761657,"outtrun",13142.126510831,-0.0436739362608263
"853",2015,2018,"other_rdel","real_values","fyear","outtrun",16638.2219438477,"outtrun",13142.126510831,-0.0756149562768017
"854",2016,2018,"other_rdel","real_values","fyear","outtrun",13971.0345744717,"outtrun",13142.126510831,-0.0301188068333949
"855",2017,2018,"other_rdel","real_values","fyear","outtrun",13816.4428806577,"outtrun",13142.126510831,-0.0488053528430697
"856",2013,2019,"other_rdel","real_values","fyear","outtrun",15142.0238765755,"outtrun",6378.43425428379,-0.13419180373997
"857",2014,2019,"other_rdel","real_values","fyear","outtrun",15712.3691761657,"outtrun",6378.43425428379,-0.164984606562559
"858",2015,2019,"other_rdel","real_values","fyear","outtrun",16638.2219438477,"outtrun",6378.43425428379,-0.213132165657353
"859",2016,2019,"other_rdel","real_values","fyear","outtrun",13971.0345744717,"outtrun",6378.43425428379,-0.229992115787159
"860",2017,2019,"other_rdel","real_values","fyear","outtrun",13816.4428806577,"outtrun",6378.43425428379,-0.320547785052629
"861",2018,2019,"other_rdel","real_values","fyear","outtrun",13142.126510831,"outtrun",6378.43425428379,-0.514657369260065
"862",2013,2020,"other_rdel","real_values","fyear","outtrun",15142.0238765755,"outtrun",38679.4044265365,0.143365600112521
"863",2014,2020,"other_rdel","real_values","fyear","outtrun",15712.3691761657,"outtrun",38679.4044265365,0.162000595457999
"864",2015,2020,"other_rdel","real_values","fyear","outtrun",16638.2219438477,"outtrun",38679.4044265365,0.18378974390758
"865",2016,2020,"other_rdel","real_values","fyear","outtrun",13971.0345744717,"outtrun",38679.4044265365,0.289920077985577
"866",2017,2020,"other_rdel","real_values","fyear","outtrun",13816.4428806577,"outtrun",38679.4044265365,0.409379155746275
"867",2018,2020,"other_rdel","real_values","fyear","outtrun",13142.126510831,"outtrun",38679.4044265365,0.715564565344134
"868",2019,2020,"other_rdel","real_values","fyear","outtrun",6378.43425428379,"outtrun",38679.4044265365,5.06409079164831
"869",2013,2021,"other_rdel","real_values","fyear","outtrun",15142.0238765755,"outtrun",31262.1487765613,0.0948493436775055
"870",2014,2021,"other_rdel","real_values","fyear","outtrun",15712.3691761657,"outtrun",31262.1487765613,0.103271628566042
"871",2015,2021,"other_rdel","real_values","fyear","outtrun",16638.2219438477,"outtrun",31262.1487765613,0.110841216523558
"872",2016,2021,"other_rdel","real_values","fyear","outtrun",13971.0345744717,"outtrun",31262.1487765613,0.174784077427009
"873",2017,2021,"other_rdel","real_values","fyear","outtrun",13816.4428806577,"outtrun",31262.1487765613,0.226466371870959
"874",2018,2021,"other_rdel","real_values","fyear","outtrun",13142.126510831,"outtrun",31262.1487765613,0.334907154444444
"875",2019,2021,"other_rdel","real_values","fyear","outtrun",6378.43425428379,"outtrun",31262.1487765613,1.21387130432245
"876",2020,2021,"other_rdel","real_values","fyear","outtrun",38679.4044265365,"outtrun",31262.1487765613,-0.191762405857688
"877",2013,2022,"other_rdel","real_values","fyear","outtrun",15142.0238765755,"outtrun",12829.9874219678,-0.0182414313077219
"878",2014,2022,"other_rdel","real_values","fyear","outtrun",15712.3691761657,"outtrun",12829.9874219678,-0.0250146962643736
"879",2015,2022,"other_rdel","real_values","fyear","outtrun",16638.2219438477,"outtrun",12829.9874219678,-0.0364501498614958
"880",2016,2022,"other_rdel","real_values","fyear","outtrun",13971.0345744717,"outtrun",12829.9874219678,-0.0140998246287121
"881",2017,2022,"other_rdel","real_values","fyear","outtrun",13816.4428806577,"outtrun",12829.9874219678,-0.0147056397290051
"882",2018,2022,"other_rdel","real_values","fyear","outtrun",13142.126510831,"outtrun",12829.9874219678,-0.00599138876997574
"883",2019,2022,"other_rdel","real_values","fyear","outtrun",6378.43425428379,"outtrun",12829.9874219678,0.262323640738803
"884",2020,2022,"other_rdel","real_values","fyear","outtrun",38679.4044265365,"outtrun",12829.9874219678,-0.424065325689889
"885",2021,2022,"other_rdel","real_values","fyear","outtrun",31262.1487765613,"outtrun",12829.9874219678,-0.589599949969305
"886",2013,2023,"other_rdel","real_values","fyear","outtrun",15142.0238765755,"outtrun",7621.76547023661,-0.0663434132145135
"887",2014,2023,"other_rdel","real_values","fyear","outtrun",15712.3691761657,"outtrun",7621.76547023661,-0.0772364439097671
"888",2015,2023,"other_rdel","real_values","fyear","outtrun",16638.2219438477,"outtrun",7621.76547023661,-0.0929764077775573
"889",2016,2023,"other_rdel","real_values","fyear","outtrun",13971.0345744717,"outtrun",7621.76547023661,-0.0829271019491116
"890",2017,2023,"other_rdel","real_values","fyear","outtrun",13816.4428806577,"outtrun",7621.76547023661,-0.0943858023290701
"891",2018,2023,"other_rdel","real_values","fyear","outtrun",13142.126510831,"outtrun",7621.76547023661,-0.103236367531989
"892",2019,2023,"other_rdel","real_values","fyear","outtrun",6378.43425428379,"outtrun",7621.76547023661,0.0455272930750623
"893",2020,2023,"other_rdel","real_values","fyear","outtrun",38679.4044265365,"outtrun",7621.76547023661,-0.418086274598765
"894",2021,2023,"other_rdel","real_values","fyear","outtrun",31262.1487765613,"outtrun",7621.76547023661,-0.50623718802868
"895",2022,2023,"other_rdel","real_values","fyear","outtrun",12829.9874219678,"outtrun",7621.76547023661,-0.405941313926276
"896",2013,2024,"other_rdel","real_values","fyear","outtrun",15142.0238765755,"planned",6607.285194035,-0.0726191954384457
"897",2014,2024,"other_rdel","real_values","fyear","outtrun",15712.3691761657,"planned",6607.285194035,-0.0829814143283438
"898",2015,2024,"other_rdel","real_values","fyear","outtrun",16638.2219438477,"planned",6607.285194035,-0.097525111093402
"899",2016,2024,"other_rdel","real_values","fyear","outtrun",13971.0345744717,"planned",6607.285194035,-0.0893545737217554
"900",2017,2024,"other_rdel","real_values","fyear","outtrun",13816.4428806577,"planned",6607.285194035,-0.100020947745955
"901",2018,2024,"other_rdel","real_values","fyear","outtrun",13142.126510831,"planned",6607.285194035,-0.108284665939541
"902",2019,2024,"other_rdel","real_values","fyear","outtrun",6378.43425428379,"planned",6607.285194035,0.00707495104429579
"903",2020,2024,"other_rdel","real_values","fyear","outtrun",38679.4044265365,"planned",6607.285194035,-0.357111260957706
"904",2021,2024,"other_rdel","real_values","fyear","outtrun",31262.1487765613,"planned",6607.285194035,-0.404335923774804
"905",2022,2024,"other_rdel","real_values","fyear","outtrun",12829.9874219678,"planned",6607.285194035,-0.282373593355056
"906",2023,2024,"other_rdel","real_values","fyear","outtrun",7621.76547023661,"planned",6607.285194035,-0.133103055999716
"907",2013,2025,"other_rdel","real_values","fyear","outtrun",15142.0238765755,"planned",7800,-0.0537790566884034
"908",2014,2025,"other_rdel","real_values","fyear","outtrun",15712.3691761657,"planned",7800,-0.0616815277226863
"909",2015,2025,"other_rdel","real_values","fyear","outtrun",16638.2219438477,"planned",7800,-0.0729593693938594
"910",2016,2025,"other_rdel","real_values","fyear","outtrun",13971.0345744717,"planned",7800,-0.0627099560137323
"911",2017,2025,"other_rdel","real_values","fyear","outtrun",13816.4428806577,"planned",7800,-0.06897295971662
"912",2018,2025,"other_rdel","real_values","fyear","outtrun",13142.126510831,"planned",7800,-0.0718189265953675
"913",2019,2025,"other_rdel","real_values","fyear","outtrun",6378.43425428379,"planned",7800,0.0341020995516084
"914",2020,2025,"other_rdel","real_values","fyear","outtrun",38679.4044265365,"planned",7800,-0.274022827771918
"915",2021,2025,"other_rdel","real_values","fyear","outtrun",31262.1487765613,"planned",7800,-0.293244911055718
"916",2022,2025,"other_rdel","real_values","fyear","outtrun",12829.9874219678,"planned",7800,-0.15285817536367
"917",2023,2025,"other_rdel","real_values","fyear","outtrun",7621.76547023661,"planned",7800,0.0116249009406013
"918",2024,2025,"other_rdel","real_values","fyear","planned",6607.285194035,"planned",7800,0.180515108844064
"919",2013,2026,"other_rdel","real_values","fyear","outtrun",15142.0238765755,"planned",6372.19030746498,-0.0644112619062237
"920",2014,2026,"other_rdel","real_values","fyear","outtrun",15712.3691761657,"planned",6372.19030746498,-0.0724501591367667
"921",2015,2026,"other_rdel","real_values","fyear","outtrun",16638.2219438477,"planned",6372.19030746498,-0.0835528212730444
"922",2016,2026,"other_rdel","real_values","fyear","outtrun",13971.0345744717,"planned",6372.19030746498,-0.0755019126072453
"923",2017,2026,"other_rdel","real_values","fyear","outtrun",13816.4428806577,"planned",6372.19030746498,-0.0823972186130826
"924",2018,2026,"other_rdel","real_values","fyear","outtrun",13142.126510831,"planned",6372.19030746498,-0.0865119155889705
"925",2019,2026,"other_rdel","real_values","fyear","outtrun",6378.43425428379,"planned",6372.19030746498,-0.000139903746936954
"926",2020,2026,"other_rdel","real_values","fyear","outtrun",38679.4044265365,"planned",6372.19030746498,-0.259597016861849
"927",2021,2026,"other_rdel","real_values","fyear","outtrun",31262.1487765613,"planned",6372.19030746498,-0.27246484693187
"928",2022,2026,"other_rdel","real_values","fyear","outtrun",12829.9874219678,"planned",6372.19030746498,-0.160509807527383
"929",2023,2026,"other_rdel","real_values","fyear","outtrun",7621.76547023661,"planned",6372.19030746498,-0.0579418331095628
"930",2024,2026,"other_rdel","real_values","fyear","planned",6607.285194035,"planned",6372.19030746498,-0.0179517131308775
"931",2025,2026,"other_rdel","real_values","fyear","planned",7800,"planned",6372.19030746498,-0.183052524683977
"932",2013,2027,"other_rdel","real_values","fyear","outtrun",15142.0238765755,"planned",5673.80397196961,-0.0677136741897766
"933",2014,2027,"other_rdel","real_values","fyear","outtrun",15712.3691761657,"planned",5673.80397196961,-0.0753619899013749
"934",2015,2027,"other_rdel","real_values","fyear","outtrun",16638.2219438477,"planned",5673.80397196961,-0.0857521427403066
"935",2016,2027,"other_rdel","real_values","fyear","outtrun",13971.0345744717,"planned",5673.80397196961,-0.078654876011259
"936",2017,2027,"other_rdel","real_values","fyear","outtrun",13816.4428806577,"planned",5673.80397196961,-0.0851543906228948
"937",2018,2027,"other_rdel","real_values","fyear","outtrun",13142.126510831,"planned",5673.80397196961,-0.0891064402913473
"938",2019,2027,"other_rdel","real_values","fyear","outtrun",6378.43425428379,"planned",5673.80397196961,-0.014526318179468
"939",2020,2027,"other_rdel","real_values","fyear","outtrun",38679.4044265365,"planned",5673.80397196961,-0.239825132742151
"940",2021,2027,"other_rdel","real_values","fyear","outtrun",31262.1487765613,"planned",5673.80397196961,-0.247552996710206
"941",2022,2027,"other_rdel","real_values","fyear","outtrun",12829.9874219678,"planned",5673.80397196961,-0.150566041232211
"942",2023,2027,"other_rdel","real_values","fyear","outtrun",7621.76547023661,"planned",5673.80397196961,-0.0711305348092984
"943",2024,2027,"other_rdel","real_values","fyear","planned",6607.285194035,"planned",5673.80397196961,-0.0495037129858013
"944",2025,2027,"other_rdel","real_values","fyear","planned",7800,"planned",5673.80397196961,-0.147116206252499
"945",2026,2027,"other_rdel","real_values","fyear","planned",6372.19030746498,"planned",5673.80397196961,-0.109599102003782
"946",2013,2028,"other_rdel","real_values","fyear","outtrun",15142.0238765755,"planned",4814.665898419,-0.0735425415864371
"947",2014,2028,"other_rdel","real_values","fyear","outtrun",15712.3691761657,"planned",4814.665898419,-0.0810140080677352
"948",2015,2028,"other_rdel","real_values","fyear","outtrun",16638.2219438477,"planned",4814.665898419,-0.0909792688092137
"949",2016,2028,"other_rdel","real_values","fyear","outtrun",13971.0345744717,"planned",4814.665898419,-0.0849500554766922
"950",2017,2028,"other_rdel","real_values","fyear","outtrun",13816.4428806577,"planned",4814.665898419,-0.0913867143997362
"951",2018,2028,"other_rdel","real_values","fyear","outtrun",13142.126510831,"planned",4814.665898419,-0.0955385705155307
"952",2019,2028,"other_rdel","real_values","fyear","outtrun",6378.43425428379,"planned",4814.665898419,-0.0307674113952116
"953",2020,2028,"other_rdel","real_values","fyear","outtrun",38679.4044265365,"planned",4814.665898419,-0.229299222386955
"954",2021,2028,"other_rdel","real_values","fyear","outtrun",31262.1487765613,"planned",4814.665898419,-0.234517383116795
"955",2022,2028,"other_rdel","real_values","fyear","outtrun",12829.9874219678,"planned",4814.665898419,-0.150708741220401
"956",2023,2028,"other_rdel","real_values","fyear","outtrun",7621.76547023661,"planned",4814.665898419,-0.0877746957983709
"957",2024,2028,"other_rdel","real_values","fyear","planned",6607.285194035,"planned",4814.665898419,-0.0760770059556526
"958",2025,2028,"other_rdel","real_values","fyear","planned",7800,"planned",4814.665898419,-0.148553853365602
"959",2026,2028,"other_rdel","real_values","fyear","planned",6372.19030746498,"planned",4814.665898419,-0.130761989672271
"960",2027,2028,"other_rdel","real_values","fyear","planned",5673.80397196961,"planned",4814.665898419,-0.151421881650304
"961",2013,2014,"dhsc_rdel_less_pensions","real_values","fyear","outtrun",147586.671854509,"outtrun",151024.087337348,0.0232908259238245
"962",2013,2015,"dhsc_rdel_less_pensions","real_values","fyear","outtrun",147586.671854509,"outtrun",155851.138527596,0.0276173305981169
"963",2014,2015,"dhsc_rdel_less_pensions","real_values","fyear","outtrun",151024.087337348,"outtrun",155851.138527596,0.0319621278655047
"964",2013,2016,"dhsc_rdel_less_pensions","real_values","fyear","outtrun",147586.671854509,"outtrun",157488.701020772,0.0218820107101372
"965",2014,2016,"dhsc_rdel_less_pensions","real_values","fyear","outtrun",151024.087337348,"outtrun",157488.701020772,0.021178330614932
"966",2015,2016,"dhsc_rdel_less_pensions","real_values","fyear","outtrun",155851.138527596,"outtrun",157488.701020772,0.0105072218826698
"967",2013,2017,"dhsc_rdel_less_pensions","real_values","fyear","outtrun",147586.671854509,"outtrun",160655.502507777,0.0214382487183158
"968",2014,2017,"dhsc_rdel_less_pensions","real_values","fyear","outtrun",151024.087337348,"outtrun",160655.502507777,0.0208214686002419
"969",2015,2017,"dhsc_rdel_less_pensions","real_values","fyear","outtrun",155851.138527596,"outtrun",160655.502507777,0.0152963217713289
"970",2016,2017,"dhsc_rdel_less_pensions","real_values","fyear","outtrun",157488.701020772,"outtrun",160655.502507777,0.0201081186553649
"971",2013,2018,"dhsc_rdel_less_pensions","real_values","fyear","outtrun",147586.671854509,"outtrun",160482.559023117,0.0168950664336676
"972",2014,2018,"dhsc_rdel_less_pensions","real_values","fyear","outtrun",151024.087337348,"outtrun",160482.559023117,0.0153023823938629
"973",2015,2018,"dhsc_rdel_less_pensions","real_values","fyear","outtrun",155851.138527596,"outtrun",160482.559023117,0.00980911663335493
"974",2016,2018,"dhsc_rdel_less_pensions","real_values","fyear","outtrun",157488.701020772,"outtrun",160482.559023117,0.00946024488583141
"975",2017,2018,"dhsc_rdel_less_pensions","real_values","fyear","outtrun",160655.502507777,"outtrun",160482.559023117,-0.00107648653149572
"976",2013,2019,"dhsc_rdel_less_pensions","real_values","fyear","outtrun",147586.671854509,"outtrun",164104.938440196,0.0178389946492361
"977",2014,2019,"dhsc_rdel_less_pensions","real_values","fyear","outtrun",151024.087337348,"outtrun",164104.938440196,0.0167521188733903
"978",2015,2019,"dhsc_rdel_less_pensions","real_values","fyear","outtrun",155851.138527596,"outtrun",164104.938440196,0.012984774522433
"979",2016,2019,"dhsc_rdel_less_pensions","real_values","fyear","outtrun",157488.701020772,"outtrun",164104.938440196,0.0138119745435408
"980",2017,2019,"dhsc_rdel_less_pensions","real_values","fyear","outtrun",160655.502507777,"outtrun",164104.938440196,0.010678490023504
"981",2018,2019,"dhsc_rdel_less_pensions","real_values","fyear","outtrun",160482.559023117,"outtrun",164104.938440196,0.022571794960953
"982",2013,2020,"dhsc_rdel_less_pensions","real_values","fyear","outtrun",147586.671854509,"outtrun",212337.654976397,0.0533399450203587
"983",2014,2020,"dhsc_rdel_less_pensions","real_values","fyear","outtrun",151024.087337348,"outtrun",212337.654976397,0.0584332296967813
"984",2015,2020,"dhsc_rdel_less_pensions","real_values","fyear","outtrun",155851.138527596,"outtrun",212337.654976397,0.0638083810129768
"985",2016,2020,"dhsc_rdel_less_pensions","real_values","fyear","outtrun",157488.701020772,"outtrun",212337.654976397,0.0775673005103112
"986",2017,2020,"dhsc_rdel_less_pensions","real_values","fyear","outtrun",160655.502507777,"outtrun",212337.654976397,0.0974307811751816
"987",2018,2020,"dhsc_rdel_less_pensions","real_values","fyear","outtrun",160482.559023117,"outtrun",212337.654976397,0.150269456386967
"988",2019,2020,"dhsc_rdel_less_pensions","real_values","fyear","outtrun",164104.938440196,"outtrun",212337.654976397,0.293913863864484
"989",2013,2021,"dhsc_rdel_less_pensions","real_values","fyear","outtrun",147586.671854509,"outtrun",212105.415633033,0.0463767403394511
"990",2014,2021,"dhsc_rdel_less_pensions","real_values","fyear","outtrun",151024.087337348,"outtrun",212105.415633033,0.0497169735370897
"991",2015,2021,"dhsc_rdel_less_pensions","real_values","fyear","outtrun",155851.138527596,"outtrun",212105.415633033,0.0527056722302333
"992",2016,2021,"dhsc_rdel_less_pensions","real_values","fyear","outtrun",157488.701020772,"outtrun",212105.415633033,0.0613545139218592
"993",2017,2021,"dhsc_rdel_less_pensions","real_values","fyear","outtrun",160655.502507777,"outtrun",212105.415633033,0.0719241071080734
"994",2018,2021,"dhsc_rdel_less_pensions","real_values","fyear","outtrun",160482.559023117,"outtrun",212105.415633033,0.0974244677452965
"995",2019,2021,"dhsc_rdel_less_pensions","real_values","fyear","outtrun",164104.938440196,"outtrun",212105.415633033,0.136881117725894
"996",2020,2021,"dhsc_rdel_less_pensions","real_values","fyear","outtrun",212337.654976397,"outtrun",212105.415633033,-0.00109372660911011
"997",2013,2022,"dhsc_rdel_less_pensions","real_values","fyear","outtrun",147586.671854509,"outtrun",191626.448243904,0.029439725510654
"998",2014,2022,"dhsc_rdel_less_pensions","real_values","fyear","outtrun",151024.087337348,"outtrun",191626.448243904,0.0302109313535053
"999",2015,2022,"dhsc_rdel_less_pensions","real_values","fyear","outtrun",155851.138527596,"outtrun",191626.448243904,0.0299610031292681
"1000",2016,2022,"dhsc_rdel_less_pensions","real_values","fyear","outtrun",157488.701020772,"outtrun",191626.448243904,0.0332395181213996
"1001",2017,2022,"dhsc_rdel_less_pensions","real_values","fyear","outtrun",160655.502507777,"outtrun",191626.448243904,0.0358860129478853
"1002",2018,2022,"dhsc_rdel_less_pensions","real_values","fyear","outtrun",160482.559023117,"outtrun",191626.448243904,0.0453383952255286
"1003",2019,2022,"dhsc_rdel_less_pensions","real_values","fyear","outtrun",164104.938440196,"outtrun",191626.448243904,0.0530393491242909
"1004",2020,2022,"dhsc_rdel_less_pensions","real_values","fyear","outtrun",212337.654976397,"outtrun",191626.448243904,-0.0500205369574962
"1005",2021,2022,"dhsc_rdel_less_pensions","real_values","fyear","outtrun",212105.415633033,"outtrun",191626.448243904,-0.0965508934696871
"1006",2013,2023,"dhsc_rdel_less_pensions","real_values","fyear","outtrun",147586.671854509,"outtrun",188228.391779333,0.0246222895093771
"1007",2014,2023,"dhsc_rdel_less_pensions","real_values","fyear","outtrun",151024.087337348,"outtrun",188228.391779333,0.02477033680763
"1008",2015,2023,"dhsc_rdel_less_pensions","real_values","fyear","outtrun",155851.138527596,"outtrun",188228.391779333,0.023874894168852
"1009",2016,2023,"dhsc_rdel_less_pensions","real_values","fyear","outtrun",157488.701020772,"outtrun",188228.391779333,0.025798943050537
"1010",2017,2023,"dhsc_rdel_less_pensions","real_values","fyear","outtrun",160655.502507777,"outtrun",188228.391779333,0.0267504955366613
"1011",2018,2023,"dhsc_rdel_less_pensions","real_values","fyear","outtrun",160482.559023117,"outtrun",188228.391779333,0.0324082305181679
"1012",2019,2023,"dhsc_rdel_less_pensions","real_values","fyear","outtrun",164104.938440196,"outtrun",188228.391779333,0.0348820883349441
"1013",2020,2023,"dhsc_rdel_less_pensions","real_values","fyear","outtrun",212337.654976397,"outtrun",188228.391779333,-0.0393776098061747
"1014",2021,2023,"dhsc_rdel_less_pensions","real_values","fyear","outtrun",212105.415633033,"outtrun",188228.391779333,-0.0579657625954945
"1015",2022,2023,"dhsc_rdel_less_pensions","real_values","fyear","outtrun",191626.448243904,"outtrun",188228.391779333,-0.0177327111978134
"1016",2013,2024,"dhsc_rdel_less_pensions","real_values","fyear","outtrun",147586.671854509,"planned",196514.082718651,0.0263706649748725
"1017",2014,2024,"dhsc_rdel_less_pensions","real_values","fyear","outtrun",151024.087337348,"planned",196514.082718651,0.0266791582435706
"1018",2015,2024,"dhsc_rdel_less_pensions","real_values","fyear","outtrun",155851.138527596,"planned",196514.082718651,0.0260938336228846
"1019",2016,2024,"dhsc_rdel_less_pensions","real_values","fyear","outtrun",157488.701020772,"planned",196514.082718651,0.0280589888612031
"1020",2017,2024,"dhsc_rdel_less_pensions","real_values","fyear","outtrun",160655.502507777,"planned",196514.082718651,0.0291998750316704
"1021",2018,2024,"dhsc_rdel_less_pensions","real_values","fyear","outtrun",160482.559023117,"planned",196514.082718651,0.034334410004059
"1022",2019,2024,"dhsc_rdel_less_pensions","real_values","fyear","outtrun",164104.938440196,"planned",196514.082718651,0.0367031200679342
"1023",2020,2024,"dhsc_rdel_less_pensions","real_values","fyear","outtrun",212337.654976397,"planned",196514.082718651,-0.0191746872071998
"1024",2021,2024,"dhsc_rdel_less_pensions","real_values","fyear","outtrun",212105.415633033,"planned",196514.082718651,-0.0251286506154811
"1025",2022,2024,"dhsc_rdel_less_pensions","real_values","fyear","outtrun",191626.448243904,"planned",196514.082718651,0.0126727278230139
"1026",2023,2024,"dhsc_rdel_less_pensions","real_values","fyear","outtrun",188228.391779333,"planned",196514.082718651,0.0440193472461494
"1027",2013,2025,"dhsc_rdel_less_pensions","real_values","fyear","outtrun",147586.671854509,"planned",197367,0.0245164831773357
"1028",2014,2025,"dhsc_rdel_less_pensions","real_values","fyear","outtrun",151024.087337348,"planned",197367,0.0246279793331698
"1029",2015,2025,"dhsc_rdel_less_pensions","real_values","fyear","outtrun",155851.138527596,"planned",197367,0.0238974374191505
"1030",2016,2025,"dhsc_rdel_less_pensions","real_values","fyear","outtrun",157488.701020772,"planned",197367,0.0253961490973988
"1031",2017,2025,"dhsc_rdel_less_pensions","real_values","fyear","outtrun",160655.502507777,"planned",197367,0.0260590774061218
"1032",2018,2025,"dhsc_rdel_less_pensions","real_values","fyear","outtrun",160482.559023117,"planned",197367,0.0299952993759605
"1033",2019,2025,"dhsc_rdel_less_pensions","real_values","fyear","outtrun",164104.938440196,"planned",197367,0.031237779078976
"1034",2020,2025,"dhsc_rdel_less_pensions","real_values","fyear","outtrun",212337.654976397,"planned",197367,-0.0145161656319804
"1035",2021,2025,"dhsc_rdel_less_pensions","real_values","fyear","outtrun",212105.415633033,"planned",197367,-0.0178434990441383
"1036",2022,2025,"dhsc_rdel_less_pensions","real_values","fyear","outtrun",191626.448243904,"planned",197367,0.00988757721552069
"1037",2023,2025,"dhsc_rdel_less_pensions","real_values","fyear","outtrun",188228.391779333,"planned",197367,0.0239876153839331
"1038",2024,2025,"dhsc_rdel_less_pensions","real_values","fyear","planned",196514.082718651,"planned",197367,0.00434023490606461
"1039",2013,2026,"dhsc_rdel_less_pensions","real_values","fyear","outtrun",147586.671854509,"planned",202309.19956625,0.0245567948066356
"1040",2014,2026,"dhsc_rdel_less_pensions","real_values","fyear","outtrun",151024.087337348,"planned",202309.19956625,0.0246623628833167
"1041",2015,2026,"dhsc_rdel_less_pensions","real_values","fyear","outtrun",155851.138527596,"planned",202309.19956625,0.024001313863101
"1042",2016,2026,"dhsc_rdel_less_pensions","real_values","fyear","outtrun",157488.701020772,"planned",202309.19956625,0.0253605944499711
"1043",2017,2026,"dhsc_rdel_less_pensions","real_values","fyear","outtrun",160655.502507777,"planned",202309.19956625,0.0259458697558277
"1044",2018,2026,"dhsc_rdel_less_pensions","real_values","fyear","outtrun",160482.559023117,"planned",202309.19956625,0.0293746618849873
"1045",2019,2026,"dhsc_rdel_less_pensions","real_values","fyear","outtrun",164104.938440196,"planned",202309.19956625,0.0303501875024565
"1046",2020,2026,"dhsc_rdel_less_pensions","real_values","fyear","outtrun",212337.654976397,"planned",202309.19956625,-0.00803099482203018
"1047",2021,2026,"dhsc_rdel_less_pensions","real_values","fyear","outtrun",212105.415633033,"planned",202309.19956625,-0.00941265631795918
"1048",2022,2026,"dhsc_rdel_less_pensions","real_values","fyear","outtrun",191626.448243904,"planned",202309.19956625,0.0136547163774883
"1049",2023,2026,"dhsc_rdel_less_pensions","real_values","fyear","outtrun",188228.391779333,"planned",202309.19956625,0.0243385093649839
"1050",2024,2026,"dhsc_rdel_less_pensions","real_values","fyear","planned",196514.082718651,"planned",202309.19956625,0.01463765716608
"1051",2025,2026,"dhsc_rdel_less_pensions","real_values","fyear","planned",197367,"planned",202309.19956625,0.0250406580950719
"1052",2013,2027,"dhsc_rdel_less_pensions","real_values","fyear","outtrun",147586.671854509,"planned",208360.353422837,0.0249382722457614
"1053",2014,2027,"dhsc_rdel_less_pensions","real_values","fyear","outtrun",151024.087337348,"planned",208360.353422837,0.0250651086903191
"1054",2015,2027,"dhsc_rdel_less_pensions","real_values","fyear","outtrun",155851.138527596,"planned",208360.353422837,0.0244924420575754
"1055",2016,2027,"dhsc_rdel_less_pensions","real_values","fyear","outtrun",157488.701020772,"planned",208360.353422837,0.0257733833758607
"1056",2017,2027,"dhsc_rdel_less_pensions","real_values","fyear","outtrun",160655.502507777,"planned",208360.353422837,0.0263416374138594
"1057",2018,2027,"dhsc_rdel_less_pensions","real_values","fyear","outtrun",160482.559023117,"planned",208360.353422837,0.0294341771982598
"1058",2019,2027,"dhsc_rdel_less_pensions","real_values","fyear","outtrun",164104.938440196,"planned",208360.353422837,0.0302952067469215
"1059",2020,2027,"dhsc_rdel_less_pensions","real_values","fyear","outtrun",212337.654976397,"planned",208360.353422837,-0.00269759361131727
"1060",2021,2027,"dhsc_rdel_less_pensions","real_values","fyear","outtrun",212105.415633033,"planned",208360.353422837,-0.00296465429936077
"1061",2022,2027,"dhsc_rdel_less_pensions","real_values","fyear","outtrun",191626.448243904,"planned",208360.353422837,0.0168852011928429
"1062",2023,2027,"dhsc_rdel_less_pensions","real_values","fyear","outtrun",188228.391779333,"planned",208360.353422837,0.0257286554776277
"1063",2024,2027,"dhsc_rdel_less_pensions","real_values","fyear","planned",196514.082718651,"planned",208360.353422837,0.0197032472069276
"1064",2025,2027,"dhsc_rdel_less_pensions","real_values","fyear","planned",197367,"planned",208360.353422837,0.0274726557834988
"1065",2026,2027,"dhsc_rdel_less_pensions","real_values","fyear","planned",202309.19956625,"planned",208360.353422837,0.0299104235969538
"1066",2013,2028,"dhsc_rdel_less_pensions","real_values","fyear","outtrun",147586.671854509,"planned",213891.060511196,0.0250452393403362
"1067",2014,2028,"dhsc_rdel_less_pensions","real_values","fyear","outtrun",151024.087337348,"planned",213891.060511196,0.02517066962193
"1068",2015,2028,"dhsc_rdel_less_pensions","real_values","fyear","outtrun",155851.138527596,"planned",213891.060511196,0.0246501048042727
"1069",2016,2028,"dhsc_rdel_less_pensions","real_values","fyear","outtrun",157488.701020772,"planned",213891.060511196,0.0258375752767626
"1070",2017,2028,"dhsc_rdel_less_pensions","real_values","fyear","outtrun",160655.502507777,"planned",213891.060511196,0.0263600279438003
"1071",2018,2028,"dhsc_rdel_less_pensions","real_values","fyear","outtrun",160482.559023117,"planned",213891.060511196,0.0291447888094549
"1072",2019,2028,"dhsc_rdel_less_pensions","real_values","fyear","outtrun",164104.938440196,"planned",213891.060511196,0.0298777245673867
"1073",2020,2028,"dhsc_rdel_less_pensions","real_values","fyear","outtrun",212337.654976397,"planned",213891.060511196,0.000911553033347445
"1074",2021,2028,"dhsc_rdel_less_pensions","real_values","fyear","outtrun",212105.415633033,"planned",213891.060511196,0.00119834998166057
"1075",2022,2028,"dhsc_rdel_less_pensions","real_values","fyear","outtrun",191626.448243904,"planned",213891.060511196,0.0184886586249049
"1076",2023,2028,"dhsc_rdel_less_pensions","real_values","fyear","outtrun",188228.391779333,"planned",213891.060511196,0.0258916628377457
"1077",2024,2028,"dhsc_rdel_less_pensions","real_values","fyear","planned",196514.082718651,"planned",213891.060511196,0.0214091377220231
"1078",2025,2028,"dhsc_rdel_less_pensions","real_values","fyear","planned",197367,"planned",213891.060511196,0.0271629943282126
"1079",2026,2028,"dhsc_rdel_less_pensions","real_values","fyear","planned",202309.19956625,"planned",213891.060511196,0.0282258097299055
"1080",2027,2028,"dhsc_rdel_less_pensions","real_values","fyear","planned",208360.353422837,"planned",213891.060511196,0.0265439513684003
"1081",2013,2014,"nhse_rdel_less_pensions","real_values","fyear","outtrun",132444.647977933,"outtrun",135311.718161183,0.0216473087212059
"1082",2013,2015,"nhse_rdel_less_pensions","real_values","fyear","outtrun",132444.647977933,"outtrun",139212.916583748,0.0252329592210863
"1083",2014,2015,"nhse_rdel_less_pensions","real_values","fyear","outtrun",135311.718161183,"outtrun",139212.916583748,0.0288311941905752
"1084",2013,2016,"nhse_rdel_less_pensions","real_values","fyear","outtrun",132444.647977933,"outtrun",143517.6664463,0.0271258285151337
"1085",2014,2016,"nhse_rdel_less_pensions","real_values","fyear","outtrun",135311.718161183,"outtrun",143517.6664463,0.0298760954180681
"1086",2015,2016,"nhse_rdel_less_pensions","real_values","fyear","outtrun",139212.916583748,"outtrun",143517.6664463,0.0309220578678306
"1087",2013,2017,"nhse_rdel_less_pensions","real_values","fyear","outtrun",132444.647977933,"outtrun",146839.059627119,0.0261286070317264
"1088",2014,2017,"nhse_rdel_less_pensions","real_values","fyear","outtrun",135311.718161183,"outtrun",146839.059627119,0.0276267370015839
"1089",2015,2017,"nhse_rdel_less_pensions","real_values","fyear","outtrun",139212.916583748,"outtrun",146839.059627119,0.0270250372840479
"1090",2016,2017,"nhse_rdel_less_pensions","real_values","fyear","outtrun",143517.6664463,"outtrun",146839.059627119,0.0231427479491648
"1091",2013,2018,"nhse_rdel_less_pensions","real_values","fyear","outtrun",132444.647977933,"outtrun",147340.432512286,0.0215450069146059
"1092",2014,2018,"nhse_rdel_less_pensions","real_values","fyear","outtrun",135311.718161183,"outtrun",147340.432512286,0.0215194330636064
"1093",2015,2018,"nhse_rdel_less_pensions","real_values","fyear","outtrun",139212.916583748,"outtrun",147340.432512286,0.0190937451293403
"1094",2016,2018,"nhse_rdel_less_pensions","real_values","fyear","outtrun",143517.6664463,"outtrun",147340.432512286,0.0132305786775182
"1095",2017,2018,"nhse_rdel_less_pensions","real_values","fyear","outtrun",146839.059627119,"outtrun",147340.432512286,0.00341443813682485
"1096",2013,2019,"nhse_rdel_less_pensions","real_values","fyear","outtrun",132444.647977933,"outtrun",157726.504185912,0.029544313211866
"1097",2014,2019,"nhse_rdel_less_pensions","real_values","fyear","outtrun",135311.718161183,"outtrun",157726.504185912,0.0311310240197502
"1098",2015,2019,"nhse_rdel_less_pensions","real_values","fyear","outtrun",139212.916583748,"outtrun",157726.504185912,0.0317067843092267
"1099",2016,2019,"nhse_rdel_less_pensions","real_values","fyear","outtrun",143517.6664463,"outtrun",157726.504185912,0.0319684925061499
"1100",2017,2019,"nhse_rdel_less_pensions","real_values","fyear","outtrun",146839.059627119,"outtrun",157726.504185912,0.0364098733216132
"1101",2018,2019,"nhse_rdel_less_pensions","real_values","fyear","outtrun",147340.432512286,"outtrun",157726.504185912,0.0704903026042092
"1102",2013,2020,"nhse_rdel_less_pensions","real_values","fyear","outtrun",132444.647977933,"outtrun",173658.25054986,0.0394622349590446
"1103",2014,2020,"nhse_rdel_less_pensions","real_values","fyear","outtrun",135311.718161183,"outtrun",173658.25054986,0.0424614459848305
"1104",2015,2020,"nhse_rdel_less_pensions","real_values","fyear","outtrun",139212.916583748,"outtrun",173658.25054986,0.0452090895416417
"1105",2016,2020,"nhse_rdel_less_pensions","real_values","fyear","outtrun",143517.6664463,"outtrun",173658.25054986,0.0488116779208025
"1106",2017,2020,"nhse_rdel_less_pensions","real_values","fyear","outtrun",146839.059627119,"outtrun",173658.25054986,0.0575103072304635
"1107",2018,2020,"nhse_rdel_less_pensions","real_values","fyear","outtrun",147340.432512286,"outtrun",173658.25054986,0.0856422604011731
"1108",2019,2020,"nhse_rdel_less_pensions","real_values","fyear","outtrun",157726.504185912,"outtrun",173658.25054986,0.101008682378263
"1109",2013,2021,"nhse_rdel_less_pensions","real_values","fyear","outtrun",132444.647977933,"outtrun",180843.266856472,0.0397010709064527
"1110",2014,2021,"nhse_rdel_less_pensions","real_values","fyear","outtrun",135311.718161183,"outtrun",180843.266856472,0.0423060928069503
"1111",2015,2021,"nhse_rdel_less_pensions","real_values","fyear","outtrun",139212.916583748,"outtrun",180843.266856472,0.0445690054189456
"1112",2016,2021,"nhse_rdel_less_pensions","real_values","fyear","outtrun",143517.6664463,"outtrun",180843.266856472,0.0473199972181402
"1113",2017,2021,"nhse_rdel_less_pensions","real_values","fyear","outtrun",146839.059627119,"outtrun",180843.266856472,0.0534530559195321
"1114",2018,2021,"nhse_rdel_less_pensions","real_values","fyear","outtrun",147340.432512286,"outtrun",180843.266856472,0.0706810951365846
"1115",2019,2021,"nhse_rdel_less_pensions","real_values","fyear","outtrun",157726.504185912,"outtrun",180843.266856472,0.070776504154187
"1116",2020,2021,"nhse_rdel_less_pensions","real_values","fyear","outtrun",173658.25054986,"outtrun",180843.266856472,0.0413744598017152
"1117",2013,2022,"nhse_rdel_less_pensions","real_values","fyear","outtrun",132444.647977933,"outtrun",178796.460821937,0.0339046784028147
"1118",2014,2022,"nhse_rdel_less_pensions","real_values","fyear","outtrun",135311.718161183,"outtrun",178796.460821937,0.0354471537644616
"1119",2015,2022,"nhse_rdel_less_pensions","real_values","fyear","outtrun",139212.916583748,"outtrun",178796.460821937,0.0363957574899834
"1120",2016,2022,"nhse_rdel_less_pensions","real_values","fyear","outtrun",143517.6664463,"outtrun",178796.460821937,0.0373108621442901
"1121",2017,2022,"nhse_rdel_less_pensions","real_values","fyear","outtrun",146839.059627119,"outtrun",178796.460821937,0.0401679419783953
"1122",2018,2022,"nhse_rdel_less_pensions","real_values","fyear","outtrun",147340.432512286,"outtrun",178796.460821937,0.0495647694371033
"1123",2019,2022,"nhse_rdel_less_pensions","real_values","fyear","outtrun",157726.504185912,"outtrun",178796.460821937,0.0426808885505954
"1124",2020,2022,"nhse_rdel_less_pensions","real_values","fyear","outtrun",173658.25054986,"outtrun",178796.460821937,0.0146861866232946
"1125",2021,2022,"nhse_rdel_less_pensions","real_values","fyear","outtrun",180843.266856472,"outtrun",178796.460821937,-0.011318121321927
"1126",2013,2023,"nhse_rdel_less_pensions","real_values","fyear","outtrun",132444.647977933,"outtrun",180606.626309096,0.0315016492161901
"1127",2014,2023,"nhse_rdel_less_pensions","real_values","fyear","outtrun",135311.718161183,"outtrun",180606.626309096,0.0326024265565319
"1128",2015,2023,"nhse_rdel_less_pensions","real_values","fyear","outtrun",139212.916583748,"outtrun",180606.626309096,0.0330748015396924
"1129",2016,2023,"nhse_rdel_less_pensions","real_values","fyear","outtrun",143517.6664463,"outtrun",180606.626309096,0.0333827030946077
"1130",2017,2023,"nhse_rdel_less_pensions","real_values","fyear","outtrun",146839.059627119,"outtrun",180606.626309096,0.0350992985211906
"1131",2018,2023,"nhse_rdel_less_pensions","real_values","fyear","outtrun",147340.432512286,"outtrun",180606.626309096,0.0415553354318952
"1132",2019,2023,"nhse_rdel_less_pensions","real_values","fyear","outtrun",157726.504185912,"outtrun",180606.626309096,0.0344446327265762
"1133",2020,2023,"nhse_rdel_less_pensions","real_values","fyear","outtrun",173658.25054986,"outtrun",180606.626309096,0.0131632292124446
"1134",2021,2023,"nhse_rdel_less_pensions","real_values","fyear","outtrun",180843.266856472,"outtrun",180606.626309096,-0.000654483895236146
"1135",2022,2023,"nhse_rdel_less_pensions","real_values","fyear","outtrun",178796.460821937,"outtrun",180606.626309096,0.0101241684473949
"1136",2013,2024,"nhse_rdel_less_pensions","real_values","fyear","outtrun",132444.647977933,"planned",189906.797524616,0.033303325240712
"1137",2014,2024,"nhse_rdel_less_pensions","real_values","fyear","outtrun",135311.718161183,"planned",189906.797524616,0.0344762161119894
"1138",2015,2024,"nhse_rdel_less_pensions","real_values","fyear","outtrun",139212.916583748,"planned",189906.797524616,0.0351053496002891
"1139",2016,2024,"nhse_rdel_less_pensions","real_values","fyear","outtrun",143517.6664463,"planned",189906.797524616,0.0356294532135002
"1140",2017,2024,"nhse_rdel_less_pensions","real_values","fyear","outtrun",146839.059627119,"planned",189906.797524616,0.0374256652041727
"1141",2018,2024,"nhse_rdel_less_pensions","real_values","fyear","outtrun",147340.432512286,"planned",189906.797524616,0.0432052442838646
"1142",2019,2024,"nhse_rdel_less_pensions","real_values","fyear","outtrun",157726.504185912,"planned",189906.797524616,0.037832260666111
"1143",2020,2024,"nhse_rdel_less_pensions","real_values","fyear","outtrun",173658.25054986,"planned",189906.797524616,0.0226129122527581
"1144",2021,2024,"nhse_rdel_less_pensions","real_values","fyear","outtrun",180843.266856472,"planned",189906.797524616,0.0164344795520353
"1145",2022,2024,"nhse_rdel_less_pensions","real_values","fyear","outtrun",178796.460821937,"planned",189906.797524616,0.0306015614404931
"1146",2023,2024,"nhse_rdel_less_pensions","real_values","fyear","outtrun",180606.626309096,"planned",189906.797524616,0.0514940753037694
"1147",2013,2025,"nhse_rdel_less_pensions","real_values","fyear","outtrun",132444.647977933,"planned",189567,0.030332408027699
"1148",2014,2025,"nhse_rdel_less_pensions","real_values","fyear","outtrun",135311.718161183,"planned",189567,0.0311256142410239
"1149",2015,2025,"nhse_rdel_less_pensions","real_values","fyear","outtrun",139212.916583748,"planned",189567,0.0313553374841173
"1150",2016,2025,"nhse_rdel_less_pensions","real_values","fyear","outtrun",143517.6664463,"planned",189567,0.0314034909030649
"1151",2017,2025,"nhse_rdel_less_pensions","real_values","fyear","outtrun",146839.059627119,"planned",189567,0.0324407623567082
"1152",2018,2025,"nhse_rdel_less_pensions","real_values","fyear","outtrun",147340.432512286,"planned",189567,0.0366553647893717
"1153",2019,2025,"nhse_rdel_less_pensions","real_values","fyear","outtrun",157726.504185912,"planned",189567,0.0311211061137662
"1154",2020,2025,"nhse_rdel_less_pensions","real_values","fyear","outtrun",173658.25054986,"planned",189567,0.0176852103567544
"1155",2021,2025,"nhse_rdel_less_pensions","real_values","fyear","outtrun",180843.266856472,"planned",189567,0.0118475823730697
"1156",2022,2025,"nhse_rdel_less_pensions","real_values","fyear","outtrun",178796.460821937,"planned",189567,0.0196894823220739
"1157",2023,2025,"nhse_rdel_less_pensions","real_values","fyear","outtrun",180606.626309096,"planned",189567,0.0245060526662682
"1158",2024,2025,"nhse_rdel_less_pensions","real_values","fyear","planned",189906.797524616,"planned",189567,-0.00178928573934922
"1159",2013,2026,"nhse_rdel_less_pensions","real_values","fyear","outtrun",132444.647977933,"planned",195937.009258785,0.0305836198811036
"1160",2014,2026,"nhse_rdel_less_pensions","real_values","fyear","outtrun",135311.718161183,"planned",195937.009258785,0.031331831394587
"1161",2015,2026,"nhse_rdel_less_pensions","real_values","fyear","outtrun",139212.916583748,"planned",195937.009258785,0.0315594632138136
"1162",2016,2026,"nhse_rdel_less_pensions","real_values","fyear","outtrun",143517.6664463,"planned",195937.009258785,0.0316232254198496
"1163",2017,2026,"nhse_rdel_less_pensions","real_values","fyear","outtrun",146839.059627119,"planned",195937.009258785,0.0325698290768943
"1164",2018,2026,"nhse_rdel_less_pensions","real_values","fyear","outtrun",147340.432512286,"planned",195937.009258785,0.0362733197452858
"1165",2019,2026,"nhse_rdel_less_pensions","real_values","fyear","outtrun",157726.504185912,"planned",195937.009258785,0.0314752891758747
"1166",2020,2026,"nhse_rdel_less_pensions","real_values","fyear","outtrun",173658.25054986,"planned",195937.009258785,0.0203210397319484
"1167",2021,2026,"nhse_rdel_less_pensions","real_values","fyear","outtrun",180843.266856472,"planned",195937.009258785,0.0161617099381977
"1168",2022,2026,"nhse_rdel_less_pensions","real_values","fyear","outtrun",178796.460821937,"planned",195937.009258785,0.0231501899514435
"1169",2023,2026,"nhse_rdel_less_pensions","real_values","fyear","outtrun",180606.626309096,"planned",195937.009258785,0.027529418856743
"1170",2024,2026,"nhse_rdel_less_pensions","real_values","fyear","planned",189906.797524616,"planned",195937.009258785,0.0157526927617788
"1171",2025,2026,"nhse_rdel_less_pensions","real_values","fyear","planned",189567,"planned",195937.009258785,0.0336029438604035
"1172",2013,2027,"nhse_rdel_less_pensions","real_values","fyear","outtrun",132444.647977933,"planned",202686.549450868,0.0308591320764731
"1173",2014,2027,"nhse_rdel_less_pensions","real_values","fyear","outtrun",135311.718161183,"planned",202686.549450868,0.0315711647108898
"1174",2015,2027,"nhse_rdel_less_pensions","real_values","fyear","outtrun",139212.916583748,"planned",202686.549450868,0.0317998247008728
"1175",2016,2027,"nhse_rdel_less_pensions","real_values","fyear","outtrun",143517.6664463,"planned",202686.549450868,0.0318796587355368
"1176",2017,2027,"nhse_rdel_less_pensions","real_values","fyear","outtrun",146839.059627119,"planned",202686.549450868,0.0327574427295576
"1177",2018,2027,"nhse_rdel_less_pensions","real_values","fyear","outtrun",147340.432512286,"planned",202686.549450868,0.0360702918848297
"1178",2019,2027,"nhse_rdel_less_pensions","real_values","fyear","outtrun",157726.504185912,"planned",202686.549450868,0.0318463480430784
"1179",2020,2027,"nhse_rdel_less_pensions","real_values","fyear","outtrun",173658.25054986,"planned",202686.549450868,0.0223272327227255
"1180",2021,2027,"nhse_rdel_less_pensions","real_values","fyear","outtrun",180843.266856472,"planned",202686.549450868,0.0191867389610783
"1181",2022,2027,"nhse_rdel_less_pensions","real_values","fyear","outtrun",178796.460821937,"planned",202686.549450868,0.0253997383198039
"1182",2023,2027,"nhse_rdel_less_pensions","real_values","fyear","outtrun",180606.626309096,"planned",202686.549450868,0.029254589647294
"1183",2024,2027,"nhse_rdel_less_pensions","real_values","fyear","planned",189906.797524616,"planned",202686.549450868,0.0219464508247624
"1184",2025,2027,"nhse_rdel_less_pensions","real_values","fyear","planned",189567,"planned",202686.549450868,0.0340251358720931
"1185",2026,2027,"nhse_rdel_less_pensions","real_values","fyear","planned",195937.009258785,"planned",202686.549450868,0.0344475003350087
"1186",2013,2028,"nhse_rdel_less_pensions","real_values","fyear","outtrun",132444.647977933,"planned",209076.394612777,0.0309035597590337
"1187",2014,2028,"nhse_rdel_less_pensions","real_values","fyear","outtrun",135311.718161183,"planned",209076.394612777,0.0315679206223207
"1188",2015,2028,"nhse_rdel_less_pensions","real_values","fyear","outtrun",139212.916583748,"planned",209076.394612777,0.0317787393232922
"1189",2016,2028,"nhse_rdel_less_pensions","real_values","fyear","outtrun",143517.6664463,"planned",209076.394612777,0.0318501615703488
"1190",2017,2028,"nhse_rdel_less_pensions","real_values","fyear","outtrun",146839.059627119,"planned",209076.394612777,0.0326454097711188
"1191",2018,2028,"nhse_rdel_less_pensions","real_values","fyear","outtrun",147340.432512286,"planned",209076.394612777,0.0356149380128887
"1192",2019,2028,"nhse_rdel_less_pensions","real_values","fyear","outtrun",157726.504185912,"planned",209076.394612777,0.0318107209403691
"1193",2020,2028,"nhse_rdel_less_pensions","real_values","fyear","outtrun",173658.25054986,"planned",209076.394612777,0.0234725462729555
"1194",2021,2028,"nhse_rdel_less_pensions","real_values","fyear","outtrun",180843.266856472,"planned",209076.394612777,0.0209403765369245
"1195",2022,2028,"nhse_rdel_less_pensions","real_values","fyear","outtrun",178796.460821937,"planned",209076.394612777,0.0264182076834869
"1196",2023,2028,"nhse_rdel_less_pensions","real_values","fyear","outtrun",180606.626309096,"planned",209076.394612777,0.0297084210035881
"1197",2024,2028,"nhse_rdel_less_pensions","real_values","fyear","planned",189906.797524616,"planned",209076.394612777,0.0243329029230355
"1198",2025,2028,"nhse_rdel_less_pensions","real_values","fyear","planned",189567,"planned",209076.394612777,0.0331913345472927
"1199",2026,2028,"nhse_rdel_less_pensions","real_values","fyear","planned",195937.009258785,"planned",209076.394612777,0.0329855913626524
"1200",2027,2028,"nhse_rdel_less_pensions","real_values","fyear","planned",202686.549450868,"planned",209076.394612777,0.0315257483992941
"1201",2013,2014,"dhsc_tdel_less_pensions","real_values","fyear","outtrun",155173.232921124,"outtrun",157952.858915521,0.0179130507373675
"1202",2013,2015,"dhsc_tdel_less_pensions","real_values","fyear","outtrun",155173.232921124,"outtrun",162291.874526325,0.0226805210700787
"1203",2014,2015,"dhsc_tdel_less_pensions","real_values","fyear","outtrun",157952.858915521,"outtrun",162291.874526325,0.0274703201992983
"1204",2013,2016,"dhsc_tdel_less_pensions","real_values","fyear","outtrun",155173.232921124,"outtrun",163672.71282698,0.0179344773145775
"1205",2014,2016,"dhsc_tdel_less_pensions","real_values","fyear","outtrun",157952.858915521,"outtrun",163672.71282698,0.017945190772314
"1206",2015,2016,"dhsc_tdel_less_pensions","real_values","fyear","outtrun",162291.874526325,"outtrun",163672.71282698,0.00850836374085118
"1207",2013,2017,"dhsc_tdel_less_pensions","real_values","fyear","outtrun",155173.232921124,"outtrun",167672.910420982,0.0195570301610271
"1208",2014,2017,"dhsc_tdel_less_pensions","real_values","fyear","outtrun",157952.858915521,"outtrun",167672.910420982,0.0201056131144686
"1209",2015,2017,"dhsc_tdel_less_pensions","real_values","fyear","outtrun",162291.874526325,"outtrun",167672.910420982,0.0164430790791823
"1210",2016,2017,"dhsc_tdel_less_pensions","real_values","fyear","outtrun",163672.71282698,"outtrun",167672.910420982,0.0244402229602643
"1211",2013,2018,"dhsc_tdel_less_pensions","real_values","fyear","outtrun",155173.232921124,"outtrun",168268.495760337,0.0163357464031737
"1212",2014,2018,"dhsc_tdel_less_pensions","real_values","fyear","outtrun",157952.858915521,"outtrun",168268.495760337,0.0159418023594686
"1213",2015,2018,"dhsc_tdel_less_pensions","real_values","fyear","outtrun",162291.874526325,"outtrun",168268.495760337,0.0121277802777768
"1214",2016,2018,"dhsc_tdel_less_pensions","real_values","fyear","outtrun",163672.71282698,"outtrun",168268.495760337,0.0139423567572667
"1215",2017,2018,"dhsc_tdel_less_pensions","real_values","fyear","outtrun",167672.910420982,"outtrun",168268.495760337,0.00355206656734075
"1216",2013,2019,"dhsc_tdel_less_pensions","real_values","fyear","outtrun",155173.232921124,"outtrun",173058.738905993,0.0183477801579099
"1217",2014,2019,"dhsc_tdel_less_pensions","real_values","fyear","outtrun",157952.858915521,"outtrun",173058.738905993,0.0184347483191449
"1218",2015,2019,"dhsc_tdel_less_pensions","real_values","fyear","outtrun",162291.874526325,"outtrun",173058.738905993,0.0161882981875454
"1219",2016,2019,"dhsc_tdel_less_pensions","real_values","fyear","outtrun",163672.71282698,"outtrun",173058.738905993,0.0187612508109041
"1220",2017,2019,"dhsc_tdel_less_pensions","real_values","fyear","outtrun",167672.910420982,"outtrun",173058.738905993,0.0159335811591037
"1221",2018,2019,"dhsc_tdel_less_pensions","real_values","fyear","outtrun",168268.495760337,"outtrun",173058.738905993,0.0284678550432773
"1222",2013,2020,"dhsc_tdel_less_pensions","real_values","fyear","outtrun",155173.232921124,"outtrun",227747.312334485,0.0563436049054906
"1223",2014,2020,"dhsc_tdel_less_pensions","real_values","fyear","outtrun",157952.858915521,"outtrun",227747.312334485,0.0628883043672348
"1224",2015,2020,"dhsc_tdel_less_pensions","real_values","fyear","outtrun",162291.874526325,"outtrun",227747.312334485,0.0701170823856858
"1225",2016,2020,"dhsc_tdel_less_pensions","real_values","fyear","outtrun",163672.71282698,"outtrun",227747.312334485,0.0860985776303329
"1226",2017,2020,"dhsc_tdel_less_pensions","real_values","fyear","outtrun",167672.910420982,"outtrun",227747.312334485,0.107465279120943
"1227",2018,2020,"dhsc_tdel_less_pensions","real_values","fyear","outtrun",168268.495760337,"outtrun",227747.312334485,0.16338972572681
"1228",2019,2020,"dhsc_tdel_less_pensions","real_values","fyear","outtrun",173058.738905993,"outtrun",227747.312334485,0.316011625730149
"1229",2013,2021,"dhsc_tdel_less_pensions","real_values","fyear","outtrun",155173.232921124,"outtrun",271352.015181833,0.0723573439085015
"1230",2014,2021,"dhsc_tdel_less_pensions","real_values","fyear","outtrun",157952.858915521,"outtrun",271352.015181833,0.0803692706533516
"1231",2015,2021,"dhsc_tdel_less_pensions","real_values","fyear","outtrun",162291.874526325,"outtrun",271352.015181833,0.0894468456514135
"1232",2016,2021,"dhsc_tdel_less_pensions","real_values","fyear","outtrun",163672.71282698,"outtrun",271352.015181833,0.106397928773172
"1233",2017,2021,"dhsc_tdel_less_pensions","real_values","fyear","outtrun",167672.910420982,"outtrun",271352.015181833,0.12789205411381
"1234",2018,2021,"dhsc_tdel_less_pensions","real_values","fyear","outtrun",168268.495760337,"outtrun",271352.015181833,0.172672514901304
"1235",2019,2021,"dhsc_tdel_less_pensions","real_values","fyear","outtrun",173058.738905993,"outtrun",271352.015181833,0.252188636467408
"1236",2020,2021,"dhsc_tdel_less_pensions","real_values","fyear","outtrun",227747.312334485,"outtrun",271352.015181833,0.191460888826238
"1237",2013,2022,"dhsc_tdel_less_pensions","real_values","fyear","outtrun",155173.232921124,"outtrun",230192.187057522,0.0447933963585543
"1238",2014,2022,"dhsc_tdel_less_pensions","real_values","fyear","outtrun",157952.858915521,"outtrun",230192.187057522,0.0482029702895868
"1239",2015,2022,"dhsc_tdel_less_pensions","real_values","fyear","outtrun",162291.874526325,"outtrun",230192.187057522,0.0511987334455692
"1240",2016,2022,"dhsc_tdel_less_pensions","real_values","fyear","outtrun",163672.71282698,"outtrun",230192.187057522,0.0584874579064687
"1241",2017,2022,"dhsc_tdel_less_pensions","real_values","fyear","outtrun",167672.910420982,"outtrun",230192.187057522,0.0654315061712472
"1242",2018,2022,"dhsc_tdel_less_pensions","real_values","fyear","outtrun",168268.495760337,"outtrun",230192.187057522,0.0814885895748889
"1243",2019,2022,"dhsc_tdel_less_pensions","real_values","fyear","outtrun",173058.738905993,"outtrun",230192.187057522,0.0997627733224995
"1244",2020,2022,"dhsc_tdel_less_pensions","real_values","fyear","outtrun",227747.312334485,"outtrun",230192.187057522,0.00535318777203542
"1245",2021,2022,"dhsc_tdel_less_pensions","real_values","fyear","outtrun",271352.015181833,"outtrun",230192.187057522,-0.151684254479294
"1246",2013,2023,"dhsc_tdel_less_pensions","real_values","fyear","outtrun",155173.232921124,"outtrun",215022.721179068,0.0331580276675183
"1247",2014,2023,"dhsc_tdel_less_pensions","real_values","fyear","outtrun",157952.858915521,"outtrun",215022.721179068,0.0348659456814628
"1248",2015,2023,"dhsc_tdel_less_pensions","real_values","fyear","outtrun",162291.874526325,"outtrun",215022.721179068,0.035794133977058
"1249",2016,2023,"dhsc_tdel_less_pensions","real_values","fyear","outtrun",163672.71282698,"outtrun",215022.721179068,0.0397519049128576
"1250",2017,2023,"dhsc_tdel_less_pensions","real_values","fyear","outtrun",167672.910420982,"outtrun",215022.721179068,0.0423260098853466
"1251",2018,2023,"dhsc_tdel_less_pensions","real_values","fyear","outtrun",168268.495760337,"outtrun",215022.721179068,0.0502587495435782
"1252",2019,2023,"dhsc_tdel_less_pensions","real_values","fyear","outtrun",173058.738905993,"outtrun",215022.721179068,0.0557782350916989
"1253",2020,2023,"dhsc_tdel_less_pensions","real_values","fyear","outtrun",227747.312334485,"outtrun",215022.721179068,-0.018981875670289
"1254",2021,2023,"dhsc_tdel_less_pensions","real_values","fyear","outtrun",271352.015181833,"outtrun",215022.721179068,-0.109824471145202
"1255",2022,2023,"dhsc_tdel_less_pensions","real_values","fyear","outtrun",230192.187057522,"outtrun",215022.721179068,-0.0658991344248518
"1256",2013,2024,"dhsc_tdel_less_pensions","real_values","fyear","outtrun",155173.232921124,"planned",208489.78713284,0.0272135161163878
"1257",2014,2024,"dhsc_tdel_less_pensions","real_values","fyear","outtrun",157952.858915521,"planned",208489.78713284,0.0281482236045507
"1258",2015,2024,"dhsc_tdel_less_pensions","real_values","fyear","outtrun",162291.874526325,"planned",208489.78713284,0.0282235738087802
"1259",2016,2024,"dhsc_tdel_less_pensions","real_values","fyear","outtrun",163672.71282698,"planned",208489.78713284,0.0307149211161146
"1260",2017,2024,"dhsc_tdel_less_pensions","real_values","fyear","outtrun",167672.910420982,"planned",208489.78713284,0.0316144384421184
"1261",2018,2024,"dhsc_tdel_less_pensions","real_values","fyear","outtrun",168268.495760337,"planned",208489.78713284,0.0363672064944074
"1262",2019,2024,"dhsc_tdel_less_pensions","real_values","fyear","outtrun",173058.738905993,"planned",208489.78713284,0.0379543426280808
"1263",2020,2024,"dhsc_tdel_less_pensions","real_values","fyear","outtrun",227747.312334485,"planned",208489.78713284,-0.0218445447840457
"1264",2021,2024,"dhsc_tdel_less_pensions","real_values","fyear","outtrun",271352.015181833,"planned",208489.78713284,-0.0840946870939342
"1265",2022,2024,"dhsc_tdel_less_pensions","real_values","fyear","outtrun",230192.187057522,"planned",208489.78713284,-0.0483064994411863
"1266",2023,2024,"dhsc_tdel_less_pensions","real_values","fyear","outtrun",215022.721179068,"planned",208489.78713284,-0.0303825289271997
"1267",2013,2025,"dhsc_tdel_less_pensions","real_values","fyear","outtrun",155173.232921124,"planned",210967,0.0259270401068588
"1268",2014,2025,"dhsc_tdel_less_pensions","real_values","fyear","outtrun",157952.858915521,"planned",210967,0.026658705778134
"1269",2015,2025,"dhsc_tdel_less_pensions","real_values","fyear","outtrun",162291.874526325,"planned",210967,0.0265775796052377
"1270",2016,2025,"dhsc_tdel_less_pensions","real_values","fyear","outtrun",163672.71282698,"planned",210967,0.0286051491332622
"1271",2017,2025,"dhsc_tdel_less_pensions","real_values","fyear","outtrun",167672.910420982,"planned",210967,0.0291269540811341
"1272",2018,2025,"dhsc_tdel_less_pensions","real_values","fyear","outtrun",168268.495760337,"planned",210967,0.0328333314401636
"1273",2019,2025,"dhsc_tdel_less_pensions","real_values","fyear","outtrun",173058.738905993,"planned",210967,0.0335627102356038
"1274",2020,2025,"dhsc_tdel_less_pensions","real_values","fyear","outtrun",227747.312334485,"planned",210967,-0.0151904457045934
"1275",2021,2025,"dhsc_tdel_less_pensions","real_values","fyear","outtrun",271352.015181833,"planned",210967,-0.0609896720582407
"1276",2022,2025,"dhsc_tdel_less_pensions","real_values","fyear","outtrun",230192.187057522,"planned",210967,-0.0286524495075746
"1277",2023,2025,"dhsc_tdel_less_pensions","real_values","fyear","outtrun",215022.721179068,"planned",210967,-0.0094758085344796
"1278",2024,2025,"dhsc_tdel_less_pensions","real_values","fyear","planned",208489.78713284,"planned",210967,0.0118816988650956
"1279",2013,2026,"dhsc_tdel_less_pensions","real_values","fyear","outtrun",155173.232921124,"planned",216033.917151559,0.0257800323640758
"1280",2014,2026,"dhsc_tdel_less_pensions","real_values","fyear","outtrun",157952.858915521,"planned",216033.917151559,0.0264383521663099
"1281",2015,2026,"dhsc_tdel_less_pensions","real_values","fyear","outtrun",162291.874526325,"planned",216033.917151559,0.0263445883022058
"1282",2016,2026,"dhsc_tdel_less_pensions","real_values","fyear","outtrun",163672.71282698,"planned",216033.917151559,0.0281454690549952
"1283",2017,2026,"dhsc_tdel_less_pensions","real_values","fyear","outtrun",167672.910420982,"planned",216033.917151559,0.0285579894223278
"1284",2018,2026,"dhsc_tdel_less_pensions","real_values","fyear","outtrun",168268.495760337,"planned",216033.917151559,0.0317272255688426
"1285",2019,2026,"dhsc_tdel_less_pensions","real_values","fyear","outtrun",173058.738905993,"planned",216033.917151559,0.0321936923867776
"1286",2020,2026,"dhsc_tdel_less_pensions","real_values","fyear","outtrun",227747.312334485,"planned",216033.917151559,-0.00876161072718684
"1287",2021,2026,"dhsc_tdel_less_pensions","real_values","fyear","outtrun",271352.015181833,"planned",216033.917151559,-0.0445724110217185
"1288",2022,2026,"dhsc_tdel_less_pensions","real_values","fyear","outtrun",230192.187057522,"planned",216033.917151559,-0.0157445226505817
"1289",2023,2026,"dhsc_tdel_less_pensions","real_values","fyear","outtrun",215022.721179068,"planned",216033.917151559,0.00156512912490681
"1290",2024,2026,"dhsc_tdel_less_pensions","real_values","fyear","planned",208489.78713284,"planned",216033.917151559,0.0179315547741969
"1291",2025,2026,"dhsc_tdel_less_pensions","real_values","fyear","planned",210967,"planned",216033.917151559,0.024017581667082
"1292",2013,2027,"dhsc_tdel_less_pensions","real_values","fyear","outtrun",155173.232921124,"planned",221631.284747105,0.0257892916827838
"1293",2014,2027,"dhsc_tdel_less_pensions","real_values","fyear","outtrun",157952.858915521,"planned",221631.284747105,0.0263976746697698
"1294",2015,2027,"dhsc_tdel_less_pensions","real_values","fyear","outtrun",162291.874526325,"planned",221631.284747105,0.026308338105284
"1295",2016,2027,"dhsc_tdel_less_pensions","real_values","fyear","outtrun",163672.71282698,"planned",221631.284747105,0.0279420134490966
"1296",2017,2027,"dhsc_tdel_less_pensions","real_values","fyear","outtrun",167672.910420982,"planned",221631.284747105,0.0282928501732642
"1297",2018,2027,"dhsc_tdel_less_pensions","real_values","fyear","outtrun",168268.495760337,"planned",221631.284747105,0.0310792048682214
"1298",2019,2027,"dhsc_tdel_less_pensions","real_values","fyear","outtrun",173058.738905993,"planned",221631.284747105,0.0314060894511341
"1299",2020,2027,"dhsc_tdel_less_pensions","real_values","fyear","outtrun",227747.312334485,"planned",221631.284747105,-0.00388125033879494
"1300",2021,2027,"dhsc_tdel_less_pensions","real_values","fyear","outtrun",271352.015181833,"planned",221631.284747105,-0.033170999513405
"1301",2022,2027,"dhsc_tdel_less_pensions","real_values","fyear","outtrun",230192.187057522,"planned",221631.284747105,-0.00755123197238994
"1302",2023,2027,"dhsc_tdel_less_pensions","real_values","fyear","outtrun",215022.721179068,"planned",221631.284747105,0.00759656336776549
"1303",2024,2027,"dhsc_tdel_less_pensions","real_values","fyear","planned",208489.78713284,"planned",221631.284747105,0.0205840090784319
"1304",2025,2027,"dhsc_tdel_less_pensions","real_values","fyear","planned",210967,"planned",221631.284747105,0.0249631894486362
"1305",2026,2027,"dhsc_tdel_less_pensions","real_values","fyear","planned",216033.917151559,"planned",221631.284747105,0.0259096704320696
"1306",2013,2028,"dhsc_tdel_less_pensions","real_values","fyear","outtrun",155173.232921124,"planned",227863.03213798,0.0259443503384371
"1307",2014,2028,"dhsc_tdel_less_pensions","real_values","fyear","outtrun",157952.858915521,"planned",227863.03213798,0.0265204334420401
"1308",2015,2028,"dhsc_tdel_less_pensions","real_values","fyear","outtrun",162291.874526325,"planned",227863.03213798,0.0264474016138467
"1309",2016,2028,"dhsc_tdel_less_pensions","real_values","fyear","outtrun",163672.71282698,"planned",227863.03213798,0.0279566473654549
"1310",2017,2028,"dhsc_tdel_less_pensions","real_values","fyear","outtrun",167672.910420982,"planned",227863.03213798,0.0282769202141948
"1311",2018,2028,"dhsc_tdel_less_pensions","real_values","fyear","outtrun",168268.495760337,"planned",227863.03213798,0.0307826643095648
"1312",2019,2028,"dhsc_tdel_less_pensions","real_values","fyear","outtrun",173058.738905993,"planned",227863.03213798,0.031040186731309
"1313",2020,2028,"dhsc_tdel_less_pensions","real_values","fyear","outtrun",227747.312334485,"planned",227863.03213798,6.34991508661198e-05
"1314",2021,2028,"dhsc_tdel_less_pensions","real_values","fyear","outtrun",271352.015181833,"planned",227863.03213798,-0.0246444165921309
"1315",2022,2028,"dhsc_tdel_less_pensions","real_values","fyear","outtrun",230192.187057522,"planned",227863.03213798,-0.00169353829396157
"1316",2023,2028,"dhsc_tdel_less_pensions","real_values","fyear","outtrun",215022.721179068,"planned",227863.03213798,0.0116677452131411
"1317",2024,2028,"dhsc_tdel_less_pensions","real_values","fyear","planned",208489.78713284,"planned",227863.03213798,0.0224622241799688
"1318",2025,2028,"dhsc_tdel_less_pensions","real_values","fyear","planned",210967,"planned",227863.03213798,0.0260135941855157
"1319",2026,2028,"dhsc_tdel_less_pensions","real_values","fyear","planned",216033.917151559,"planned",227863.03213798,0.0270130589545892
"1320",2027,2028,"dhsc_tdel_less_pensions","real_values","fyear","planned",221631.284747105,"planned",227863.03213798,0.0281176341958491
"1321",2013,2014,"dhsc_tdel","cash_values","fyear","outtrun",109775,"outtrun",113345,0.0325210658164428
"1322",2013,2015,"dhsc_tdel","cash_values","fyear","outtrun",109775,"outtrun",117245,0.0334642134945462
"1323",2014,2015,"dhsc_tdel","cash_values","fyear","outtrun",113345,"outtrun",117245,0.0344082226829592
"1324",2013,2016,"dhsc_tdel","cash_values","fyear","outtrun",109775,"outtrun",120584,0.0317997384646003
"1325",2014,2016,"dhsc_tdel","cash_values","fyear","outtrun",113345,"outtrun",120584,0.0314392637825518
"1326",2015,2016,"dhsc_tdel","cash_values","fyear","outtrun",117245,"outtrun",120584,0.0284788263891851
"1327",2013,2017,"dhsc_tdel","cash_values","fyear","outtrun",109775,"outtrun",125156,0.0333252866579474
"1328",2014,2017,"dhsc_tdel","cash_values","fyear","outtrun",113345,"outtrun",125156,0.0335934994476892
"1329",2015,2017,"dhsc_tdel","cash_values","fyear","outtrun",117245,"outtrun",125156,0.0331863784970468
"1330",2016,2017,"dhsc_tdel","cash_values","fyear","outtrun",120584,"outtrun",125156,0.0379154780070325
"1331",2013,2018,"dhsc_tdel","cash_values","fyear","outtrun",109775,"outtrun",128396,0.0318334664665973
"1332",2014,2018,"dhsc_tdel","cash_values","fyear","outtrun",113345,"outtrun",128396,0.0316616381881485
"1333",2015,2018,"dhsc_tdel","cash_values","fyear","outtrun",117245,"outtrun",128396,0.0307477316014728
"1334",2016,2018,"dhsc_tdel","cash_values","fyear","outtrun",120584,"outtrun",128396,0.0318840605368265
"1335",2017,2018,"dhsc_tdel","cash_values","fyear","outtrun",125156,"outtrun",128396,0.0258876921601841
"1336",2013,2019,"dhsc_tdel","cash_values","fyear","outtrun",109775,"outtrun",138456,0.0394446999461424
"1337",2014,2019,"dhsc_tdel","cash_values","fyear","outtrun",113345,"outtrun",138456,0.0408349880628853
"1338",2015,2019,"dhsc_tdel","cash_values","fyear","outtrun",117245,"outtrun",138456,0.0424479087142546
"1339",2016,2019,"dhsc_tdel","cash_values","fyear","outtrun",120584,"outtrun",138456,0.0471463055940624
"1340",2017,2019,"dhsc_tdel","cash_values","fyear","outtrun",125156,"outtrun",138456,0.0517924597143045
"1341",2018,2019,"dhsc_tdel","cash_values","fyear","outtrun",128396,"outtrun",138456,0.0783513505093616
"1342",2013,2020,"dhsc_tdel","cash_values","fyear","outtrun",109775,"outtrun",190610,0.0820182977520971
"1343",2014,2020,"dhsc_tdel","cash_values","fyear","outtrun",113345,"outtrun",190610,0.0904955200467661
"1344",2015,2020,"dhsc_tdel","cash_values","fyear","outtrun",117245,"outtrun",190610,0.102072765168647
"1345",2016,2020,"dhsc_tdel","cash_values","fyear","outtrun",120584,"outtrun",190610,0.121279801166136
"1346",2017,2020,"dhsc_tdel","cash_values","fyear","outtrun",125156,"outtrun",190610,0.150530145436787
"1347",2018,2020,"dhsc_tdel","cash_values","fyear","outtrun",128396,"outtrun",190610,0.218420208806296
"1348",2019,2020,"dhsc_tdel","cash_values","fyear","outtrun",138456,"outtrun",190610,0.376682845091581
"1349",2013,2021,"dhsc_tdel","cash_values","fyear","outtrun",109775,"outtrun",227122,0.0951395660205645
"1350",2014,2021,"dhsc_tdel","cash_values","fyear","outtrun",113345,"outtrun",227122,0.104389846777772
"1351",2015,2021,"dhsc_tdel","cash_values","fyear","outtrun",117245,"outtrun",227122,0.116505359540593
"1352",2016,2021,"dhsc_tdel","cash_values","fyear","outtrun",120584,"outtrun",227122,0.134994882947676
"1353",2017,2021,"dhsc_tdel","cash_values","fyear","outtrun",125156,"outtrun",227122,0.160651621081169
"1354",2018,2021,"dhsc_tdel","cash_values","fyear","outtrun",128396,"outtrun",227122,0.209397973591512
"1355",2019,2021,"dhsc_tdel","cash_values","fyear","outtrun",138456,"outtrun",227122,0.280777565076155
"1356",2020,2021,"dhsc_tdel","cash_values","fyear","outtrun",190610,"outtrun",227122,0.191553433712817
"1357",2013,2022,"dhsc_tdel","cash_values","fyear","outtrun",109775,"outtrun",206382,0.0726626340358321
"1358",2014,2022,"dhsc_tdel","cash_values","fyear","outtrun",113345,"outtrun",206382,0.0777888372217139
"1359",2015,2022,"dhsc_tdel","cash_values","fyear","outtrun",117245,"outtrun",206382,0.0841328348217156
"1360",2016,2022,"dhsc_tdel","cash_values","fyear","outtrun",120584,"outtrun",206382,0.0936970023254611
"1361",2017,2022,"dhsc_tdel","cash_values","fyear","outtrun",125156,"outtrun",206382,0.105208021784875
"1362",2018,2022,"dhsc_tdel","cash_values","fyear","outtrun",128396,"outtrun",206382,0.125978455184046
"1363",2019,2022,"dhsc_tdel","cash_values","fyear","outtrun",138456,"outtrun",206382,0.142317101732114
"1364",2020,2022,"dhsc_tdel","cash_values","fyear","outtrun",190610,"outtrun",206382,0.0405502735224337
"1365",2021,2022,"dhsc_tdel","cash_values","fyear","outtrun",227122,"outtrun",206382,-0.0913165611433503
"1366",2013,2023,"dhsc_tdel","cash_values","fyear","outtrun",109775,"outtrun",203041,0.0634278499347658
"1367",2014,2023,"dhsc_tdel","cash_values","fyear","outtrun",113345,"outtrun",203041,0.0669185451750984
"1368",2015,2023,"dhsc_tdel","cash_values","fyear","outtrun",117245,"outtrun",203041,0.0710535292313019
"1369",2016,2023,"dhsc_tdel","cash_values","fyear","outtrun",120584,"outtrun",203041,0.0772778304956616
"1370",2017,2023,"dhsc_tdel","cash_values","fyear","outtrun",125156,"outtrun",203041,0.0839818525085454
"1371",2018,2023,"dhsc_tdel","cash_values","fyear","outtrun",128396,"outtrun",203041,0.0959896424850915
"1372",2019,2023,"dhsc_tdel","cash_values","fyear","outtrun",138456,"outtrun",203041,0.100444111297339
"1373",2020,2023,"dhsc_tdel","cash_values","fyear","outtrun",190610,"outtrun",203041,0.0212828070852287
"1374",2021,2023,"dhsc_tdel","cash_values","fyear","outtrun",227122,"outtrun",203041,-0.0544983960450731
"1375",2022,2023,"dhsc_tdel","cash_values","fyear","outtrun",206382,"outtrun",203041,-0.0161884272853253
"1376",2013,2024,"dhsc_tdel","cash_values","fyear","outtrun",109775,"planned",204800,0.0583287436667685
"1377",2014,2024,"dhsc_tdel","cash_values","fyear","outtrun",113345,"planned",204800,0.0609447267377938
"1378",2015,2024,"dhsc_tdel","cash_values","fyear","outtrun",117245,"planned",204800,0.0639349339439708
"1379",2016,2024,"dhsc_tdel","cash_values","fyear","outtrun",120584,"planned",204800,0.0684520416462195
"1380",2017,2024,"dhsc_tdel","cash_values","fyear","outtrun",125156,"planned",204800,0.0728871398905524
"1381",2018,2024,"dhsc_tdel","cash_values","fyear","outtrun",128396,"planned",204800,0.0809271111860246
"1382",2019,2024,"dhsc_tdel","cash_values","fyear","outtrun",138456,"planned",204800,0.0814430011500777
"1383",2020,2024,"dhsc_tdel","cash_values","fyear","outtrun",190610,"planned",204800,0.0181131989631107
"1384",2021,2024,"dhsc_tdel","cash_values","fyear","outtrun",227122,"planned",204800,-0.0338966616363739
"1385",2022,2024,"dhsc_tdel","cash_values","fyear","outtrun",206382,"planned",204800,-0.00384007166324463
"1386",2023,2024,"dhsc_tdel","cash_values","fyear","outtrun",203041,"planned",204800,0.00866327490506835
"1387",2013,2025,"dhsc_tdel","cash_values","fyear","outtrun",109775,"planned",217000,0.0584321521463087
"1388",2014,2025,"dhsc_tdel","cash_values","fyear","outtrun",113345,"planned",217000,0.0608197063537186
"1389",2015,2025,"dhsc_tdel","cash_values","fyear","outtrun",117245,"planned",217000,0.0634976639679228
"1390",2016,2025,"dhsc_tdel","cash_values","fyear","outtrun",120584,"planned",217000,0.0674615176681235
"1391",2017,2025,"dhsc_tdel","cash_values","fyear","outtrun",125156,"planned",217000,0.0712134263957116
"1392",2018,2025,"dhsc_tdel","cash_values","fyear","outtrun",128396,"planned",217000,0.0778499848726353
"1393",2019,2025,"dhsc_tdel","cash_values","fyear","outtrun",138456,"planned",217000,0.0777664465989512
"1394",2020,2025,"dhsc_tdel","cash_values","fyear","outtrun",190610,"planned",217000,0.0262727807198384
"1395",2021,2025,"dhsc_tdel","cash_values","fyear","outtrun",227122,"planned",217000,-0.0113327857832791
"1396",2022,2025,"dhsc_tdel","cash_values","fyear","outtrun",206382,"planned",217000,0.016863453810861
"1397",2023,2025,"dhsc_tdel","cash_values","fyear","outtrun",203041,"planned",217000,0.0338034926418254
"1398",2024,2025,"dhsc_tdel","cash_values","fyear","planned",204800,"planned",217000,0.0595703125
"1399",2013,2026,"dhsc_tdel","cash_values","fyear","outtrun",109775,"planned",225400,0.0569018332943751
"1400",2014,2026,"dhsc_tdel","cash_values","fyear","outtrun",113345,"planned",225400,0.0589593649511133
"1401",2015,2026,"dhsc_tdel","cash_values","fyear","outtrun",117245,"planned",225400,0.0612199761218732
"1402",2016,2026,"dhsc_tdel","cash_values","fyear","outtrun",120584,"planned",225400,0.0645508782038444
"1403",2017,2026,"dhsc_tdel","cash_values","fyear","outtrun",125156,"planned",225400,0.0675522432246256
"1404",2018,2026,"dhsc_tdel","cash_values","fyear","outtrun",128396,"planned",225400,0.0728779068290757
"1405",2019,2026,"dhsc_tdel","cash_values","fyear","outtrun",138456,"planned",225400,0.0720982575054285
"1406",2020,2026,"dhsc_tdel","cash_values","fyear","outtrun",190610,"planned",225400,0.0283352072547476
"1407",2021,2026,"dhsc_tdel","cash_values","fyear","outtrun",227122,"planned",225400,-0.00152098541503209
"1408",2022,2026,"dhsc_tdel","cash_values","fyear","outtrun",206382,"planned",225400,0.022281552246745
"1409",2023,2026,"dhsc_tdel","cash_values","fyear","outtrun",203041,"planned",225400,0.0354363073023081
"1410",2024,2026,"dhsc_tdel","cash_values","fyear","planned",204800,"planned",225400,0.0490881457246575
"1411",2025,2026,"dhsc_tdel","cash_values","fyear","planned",217000,"planned",225400,0.0387096774193549
"1412",2013,2027,"dhsc_tdel","cash_values","fyear","outtrun",109775,"planned",235100,0.0559052316560731
"1413",2014,2027,"dhsc_tdel","cash_values","fyear","outtrun",113345,"planned",235100,0.0577257983621764
"1414",2015,2027,"dhsc_tdel","cash_values","fyear","outtrun",117245,"planned",235100,0.0596924940538839
"1415",2016,2027,"dhsc_tdel","cash_values","fyear","outtrun",120584,"planned",235100,0.0625766486223578
"1416",2017,2027,"dhsc_tdel","cash_values","fyear","outtrun",125156,"planned",235100,0.0650747661285047
"1417",2018,2027,"dhsc_tdel","cash_values","fyear","outtrun",128396,"planned",235100,0.0695202578956253
"1418",2019,2027,"dhsc_tdel","cash_values","fyear","outtrun",138456,"planned",235100,0.0684214686311349
"1419",2020,2027,"dhsc_tdel","cash_values","fyear","outtrun",190610,"planned",235100,0.0304223695245771
"1420",2021,2027,"dhsc_tdel","cash_values","fyear","outtrun",227122,"planned",235100,0.00577052528990851
"1421",2022,2027,"dhsc_tdel","cash_values","fyear","outtrun",206382,"planned",235100,0.0263988634571211
"1422",2023,2027,"dhsc_tdel","cash_values","fyear","outtrun",203041,"planned",235100,0.0373306766902881
"1423",2024,2027,"dhsc_tdel","cash_values","fyear","planned",204800,"planned",235100,0.0470664051894603
"1424",2025,2027,"dhsc_tdel","cash_values","fyear","planned",217000,"planned",235100,0.0408698949671125
"1425",2026,2027,"dhsc_tdel","cash_values","fyear","planned",225400,"planned",235100,0.0430346051464063
"1426",2013,2028,"dhsc_tdel","cash_values","fyear","outtrun",109775,"planned",246000,0.0552664011238784
"1427",2014,2028,"dhsc_tdel","cash_values","fyear","outtrun",113345,"planned",246000,0.0569101116105424
"1428",2015,2028,"dhsc_tdel","cash_values","fyear","outtrun",117245,"planned",246000,0.0586611666731141
"1429",2016,2028,"dhsc_tdel","cash_values","fyear","outtrun",120584,"planned",246000,0.0612159898440328
"1430",2017,2028,"dhsc_tdel","cash_values","fyear","outtrun",125156,"planned",246000,0.0633599815081436
"1431",2018,2028,"dhsc_tdel","cash_values","fyear","outtrun",128396,"planned",246000,0.0671816801770317
"1432",2019,2028,"dhsc_tdel","cash_values","fyear","outtrun",138456,"planned",246000,0.0659477694846593
"1433",2020,2028,"dhsc_tdel","cash_values","fyear","outtrun",190610,"planned",246000,0.032401622068511
"1434",2021,2028,"dhsc_tdel","cash_values","fyear","outtrun",227122,"planned",246000,0.0114716169148072
"1435",2022,2028,"dhsc_tdel","cash_values","fyear","outtrun",206382,"planned",246000,0.0296996103181446
"1436",2023,2028,"dhsc_tdel","cash_values","fyear","outtrun",203041,"planned",246000,0.0391309318609407
"1437",2024,2028,"dhsc_tdel","cash_values","fyear","planned",204800,"planned",246000,0.0468905720259813
"1438",2025,2028,"dhsc_tdel","cash_values","fyear","planned",217000,"planned",246000,0.0426978012787878
"1439",2026,2028,"dhsc_tdel","cash_values","fyear","planned",225400,"planned",246000,0.0446976016870713
"1440",2027,2028,"dhsc_tdel","cash_values","fyear","planned",235100,"planned",246000,0.0463632496809867
"1441",2013,2014,"cdel","cash_values","fyear","outtrun",5367,"outtrun",4971,-0.0737842370039128
"1442",2013,2015,"cdel","cash_values","fyear","outtrun",5367,"outtrun",4652,-0.0689906225149194
"1443",2014,2015,"cdel","cash_values","fyear","outtrun",4971,"outtrun",4652,-0.064172198752766
"1444",2013,2016,"cdel","cash_values","fyear","outtrun",5367,"outtrun",4556,-0.0531437721651999
"1445",2014,2016,"cdel","cash_values","fyear","outtrun",4971,"outtrun",4556,-0.0426516874244625
"1446",2015,2016,"cdel","cash_values","fyear","outtrun",4652,"outtrun",4556,-0.0206362854686156
"1447",2013,2017,"cdel","cash_values","fyear","outtrun",5367,"outtrun",5238,-0.00606387681249332
"1448",2014,2017,"cdel","cash_values","fyear","outtrun",4971,"outtrun",5238,0.0175925302199067
"1449",2015,2017,"cdel","cash_values","fyear","outtrun",4652,"outtrun",5238,0.0611160755927418
"1450",2016,2017,"cdel","cash_values","fyear","outtrun",4556,"outtrun",5238,0.149692712906058
"1451",2013,2018,"cdel","cash_values","fyear","outtrun",5367,"outtrun",5941,0.0205295663216598
"1452",2014,2018,"cdel","cash_values","fyear","outtrun",4971,"outtrun",5941,0.0455720067741467
"1453",2015,2018,"cdel","cash_values","fyear","outtrun",4652,"outtrun",5941,0.0849422338737451
"1454",2016,2018,"cdel","cash_values","fyear","outtrun",4556,"outtrun",5941,0.141925887359266
"1455",2017,2018,"cdel","cash_values","fyear","outtrun",5238,"outtrun",5941,0.134211531118748
"1456",2013,2019,"cdel","cash_values","fyear","outtrun",5367,"outtrun",7015,0.045641183578101
"1457",2014,2019,"cdel","cash_values","fyear","outtrun",4971,"outtrun",7015,0.0713140051985899
"1458",2015,2019,"cdel","cash_values","fyear","outtrun",4652,"outtrun",7015,0.108146023411919
"1459",2016,2019,"cdel","cash_values","fyear","outtrun",4556,"outtrun",7015,0.154732315902741
"1460",2017,2019,"cdel","cash_values","fyear","outtrun",5238,"outtrun",7015,0.157260395398018
"1461",2018,2019,"cdel","cash_values","fyear","outtrun",5941,"outtrun",7015,0.180777646860798
"1462",2013,2020,"cdel","cash_values","fyear","outtrun",5367,"outtrun",12704,0.13098908289297
"1463",2014,2020,"cdel","cash_values","fyear","outtrun",4971,"outtrun",12704,0.169273535611986
"1464",2015,2020,"cdel","cash_values","fyear","outtrun",4652,"outtrun",12704,0.222531775147343
"1465",2016,2020,"cdel","cash_values","fyear","outtrun",4556,"outtrun",12704,0.292228134844539
"1466",2017,2020,"cdel","cash_values","fyear","outtrun",5238,"outtrun",12704,0.343563912352123
"1467",2018,2020,"cdel","cash_values","fyear","outtrun",5941,"outtrun",12704,0.462313422410782
"1468",2019,2020,"cdel","cash_values","fyear","outtrun",7015,"outtrun",12704,0.810976478973628
"1469",2013,2021,"cdel","cash_values","fyear","outtrun",5367,"outtrun",11059,0.0945813215050411
"1470",2014,2021,"cdel","cash_values","fyear","outtrun",4971,"outtrun",11059,0.121012097312837
"1471",2015,2021,"cdel","cash_values","fyear","outtrun",4652,"outtrun",11059,0.155258994970822
"1472",2016,2021,"cdel","cash_values","fyear","outtrun",4556,"outtrun",11059,0.19406076555691
"1473",2017,2021,"cdel","cash_values","fyear","outtrun",5238,"outtrun",11059,0.205417774278537
"1474",2018,2021,"cdel","cash_values","fyear","outtrun",5941,"outtrun",11059,0.230133092612471
"1475",2019,2021,"cdel","cash_values","fyear","outtrun",7015,"outtrun",11059,0.255579138735564
"1476",2020,2021,"cdel","cash_values","fyear","outtrun",12704,"outtrun",11059,-0.12948677581864
"1477",2013,2022,"cdel","cash_values","fyear","outtrun",5367,"outtrun",11159,0.084729672305951
"1478",2014,2022,"cdel","cash_values","fyear","outtrun",4971,"outtrun",11159,0.10636311726935
"1479",2015,2022,"cdel","cash_values","fyear","outtrun",4652,"outtrun",11159,0.133140215519842
"1480",2016,2022,"cdel","cash_values","fyear","outtrun",4556,"outtrun",11159,0.161021495209197
"1481",2017,2022,"cdel","cash_values","fyear","outtrun",5238,"outtrun",11159,0.163300612341534
"1482",2018,2022,"cdel","cash_values","fyear","outtrun",5941,"outtrun",11159,0.170688713281856
"1483",2019,2022,"cdel","cash_values","fyear","outtrun",7015,"outtrun",11159,0.167344928148121
"1484",2020,2022,"cdel","cash_values","fyear","outtrun",12704,"outtrun",11159,-0.0627781688920762
"1485",2021,2022,"cdel","cash_values","fyear","outtrun",11059,"outtrun",11159,0.00904240889773034
"1486",2013,2023,"cdel","cash_values","fyear","outtrun",5367,"outtrun",11324,0.077523688461872
"1487",2014,2023,"cdel","cash_values","fyear","outtrun",4971,"outtrun",11324,0.0957928321566994
"1488",2015,2023,"cdel","cash_values","fyear","outtrun",4652,"outtrun",11324,0.117622198677353
"1489",2016,2023,"cdel","cash_values","fyear","outtrun",4556,"outtrun",11324,0.138906366725461
"1490",2017,2023,"cdel","cash_values","fyear","outtrun",5238,"outtrun",11324,0.137118506694334
"1491",2018,2023,"cdel","cash_values","fyear","outtrun",5941,"outtrun",11324,0.137700795265862
"1492",2019,2023,"cdel","cash_values","fyear","outtrun",7015,"outtrun",11324,0.127179408297252
"1493",2020,2023,"cdel","cash_values","fyear","outtrun",12704,"outtrun",11324,-0.0376055159124644
"1494",2021,2023,"cdel","cash_values","fyear","outtrun",11059,"outtrun",11324,0.0119102645882121
"1495",2022,2023,"cdel","cash_values","fyear","outtrun",11159,"outtrun",11324,0.0147862711712519
"1496",2013,2024,"cdel","cash_values","fyear","outtrun",5367,"planned",11600,0.0725799446818911
"1497",2014,2024,"cdel","cash_values","fyear","outtrun",4971,"planned",11600,0.0884323032912846
"1498",2015,2024,"cdel","cash_values","fyear","outtrun",4652,"planned",11600,0.106855481964023
"1499",2016,2024,"cdel","cash_values","fyear","outtrun",4556,"planned",11600,0.123917113782388
"1500",2017,2024,"cdel","cash_values","fyear","outtrun",5238,"planned",11600,0.120282364368051
"1501",2018,2024,"cdel","cash_values","fyear","outtrun",5941,"planned",11600,0.117977524762837
"1502",2019,2024,"cdel","cash_values","fyear","outtrun",7015,"planned",11600,0.105824131019705
"1503",2020,2024,"cdel","cash_values","fyear","outtrun",12704,"planned",11600,-0.0224716173627499
"1504",2021,2024,"cdel","cash_values","fyear","outtrun",11059,"planned",11600,0.0160475751615177
"1505",2022,2024,"cdel","cash_values","fyear","outtrun",11159,"planned",11600,0.0195683744709552
"1506",2023,2024,"cdel","cash_values","fyear","outtrun",11324,"planned",11600,0.0243730130695867
"1507",2013,2025,"cdel","cash_values","fyear","outtrun",5367,"planned",13600,0.0805642858969173
"1508",2014,2025,"cdel","cash_values","fyear","outtrun",4971,"planned",13600,0.0958116727514484
"1509",2015,2025,"cdel","cash_values","fyear","outtrun",4652,"planned",13600,0.113242864745942
"1510",2016,2025,"cdel","cash_values","fyear","outtrun",4556,"planned",13600,0.129205017496206
"1511",2017,2025,"cdel","cash_values","fyear","outtrun",5238,"planned",13600,0.126669860777102
"1512",2018,2025,"cdel","cash_values","fyear","outtrun",5941,"planned",13600,0.125596580696444
"1513",2019,2025,"cdel","cash_values","fyear","outtrun",7015,"planned",13600,0.116653775973528
"1514",2020,2025,"cdel","cash_values","fyear","outtrun",12704,"planned",13600,0.0137238974900147
"1515",2021,2025,"cdel","cash_values","fyear","outtrun",11059,"planned",13600,0.0530664158683423
"1516",2022,2025,"cdel","cash_values","fyear","outtrun",11159,"planned",13600,0.0681638522849004
"1517",2023,2025,"cdel","cash_values","fyear","outtrun",11324,"planned",13600,0.0958964594366214
"1518",2024,2025,"cdel","cash_values","fyear","planned",11600,"planned",13600,0.172413793103448
"1519",2013,2026,"cdel","cash_values","fyear","outtrun",5367,"planned",14000,0.0765408038273621
"1520",2014,2026,"cdel","cash_values","fyear","outtrun",4971,"planned",14000,0.0901184483432351
"1521",2015,2026,"cdel","cash_values","fyear","outtrun",4652,"planned",14000,0.105347769111531
"1522",2016,2026,"cdel","cash_values","fyear","outtrun",4556,"planned",14000,0.118805086140541
"1523",2017,2026,"cdel","cash_values","fyear","outtrun",5238,"planned",14000,0.115424764481126
"1524",2018,2026,"cdel","cash_values","fyear","outtrun",5941,"planned",14000,0.113098404943495
"1525",2019,2026,"cdel","cash_values","fyear","outtrun",7015,"planned",14000,0.103751940316723
"1526",2020,2026,"cdel","cash_values","fyear","outtrun",12704,"planned",14000,0.0163218402067813
"1527",2021,2026,"cdel","cash_values","fyear","outtrun",11059,"planned",14000,0.0482923958984096
"1528",2022,2026,"cdel","cash_values","fyear","outtrun",11159,"planned",14000,0.0583411670677427
"1529",2023,2026,"cdel","cash_values","fyear","outtrun",11324,"planned",14000,0.0732709922590835
"1530",2024,2026,"cdel","cash_values","fyear","planned",11600,"planned",14000,0.0985884360051028
"1531",2025,2026,"cdel","cash_values","fyear","planned",13600,"planned",14000,0.0294117647058822
"1532",2013,2027,"cdel","cash_values","fyear","outtrun",5367,"planned",13800,0.0697843724267087
"1533",2014,2027,"cdel","cash_values","fyear","outtrun",4971,"planned",13800,0.0817089162025502
"1534",2015,2027,"cdel","cash_values","fyear","outtrun",4652,"planned",13800,0.0948466193368209
"1535",2016,2027,"cdel","cash_values","fyear","outtrun",4556,"planned",13800,0.105997447402871
"1536",2017,2027,"cdel","cash_values","fyear","outtrun",5238,"planned",13800,0.101720319109159
"1537",2018,2027,"cdel","cash_values","fyear","outtrun",5941,"planned",13800,0.0981681331419522
"1538",2019,2027,"cdel","cash_values","fyear","outtrun",7015,"planned",13800,0.088256892318064
"1539",2020,2027,"cdel","cash_values","fyear","outtrun",12704,"planned",13800,0.0118918217681059
"1540",2021,2027,"cdel","cash_values","fyear","outtrun",11059,"planned",13800,0.037593409868703
"1541",2022,2027,"cdel","cash_values","fyear","outtrun",11159,"planned",13800,0.0433998303283196
"1542",2023,2027,"cdel","cash_values","fyear","outtrun",11324,"planned",13800,0.0506784057267429
"1543",2024,2027,"cdel","cash_values","fyear","planned",11600,"planned",13800,0.0595961355764456
"1544",2025,2027,"cdel","cash_values","fyear","planned",13600,"planned",13800,0.00732610526727706
"1545",2026,2027,"cdel","cash_values","fyear","planned",14000,"planned",13800,-0.0142857142857142
"1546",2013,2028,"cdel","cash_values","fyear","outtrun",5367,"planned",14800,0.0699627903603994
"1547",2014,2028,"cdel","cash_values","fyear","outtrun",4971,"planned",14800,0.0810459135512833
"1548",2015,2028,"cdel","cash_values","fyear","outtrun",4652,"planned",14800,0.0931083995795097
"1549",2016,2028,"cdel","cash_values","fyear","outtrun",4556,"planned",14800,0.103163371170808
"1550",2017,2028,"cdel","cash_values","fyear","outtrun",5238,"planned",14800,0.0990279754058734
"1551",2018,2028,"cdel","cash_values","fyear","outtrun",5941,"planned",14800,0.0955702140350232
"1552",2019,2028,"cdel","cash_values","fyear","outtrun",7015,"planned",14800,0.0864906779649415
"1553",2020,2028,"cdel","cash_values","fyear","outtrun",12704,"planned",14800,0.019272140201354
"1554",2021,2028,"cdel","cash_values","fyear","outtrun",11059,"planned",14800,0.0425045991986248
"1555",2022,2028,"cdel","cash_values","fyear","outtrun",11159,"planned",14800,0.0481885378648079
"1556",2023,2028,"cdel","cash_values","fyear","outtrun",11324,"planned",14800,0.0549997845437584
"1557",2024,2028,"cdel","cash_values","fyear","planned",11600,"planned",14800,0.0627984969477646
"1558",2025,2028,"cdel","cash_values","fyear","planned",13600,"planned",14800,0.0285867739869174
"1559",2026,2028,"cdel","cash_values","fyear","planned",14000,"planned",14800,0.0281745265969475
"1560",2027,2028,"cdel","cash_values","fyear","planned",13800,"planned",14800,0.0724637681159421
"1561",2013,2014,"dhsc_rdel","cash_values","fyear","outtrun",104408,"outtrun",108373,0.0379760171634358
"1562",2013,2015,"dhsc_rdel","cash_values","fyear","outtrun",104408,"outtrun",112592,0.0384530793924984
"1563",2014,2015,"dhsc_rdel","cash_values","fyear","outtrun",108373,"outtrun",112592,0.0389303608832459
"1564",2013,2016,"dhsc_rdel","cash_values","fyear","outtrun",104408,"outtrun",116028,0.0358010411180518
"1565",2014,2016,"dhsc_rdel","cash_values","fyear","outtrun",108373,"outtrun",116028,0.03471526273535
"1566",2015,2016,"dhsc_rdel","cash_values","fyear","outtrun",112592,"outtrun",116028,0.0305172658803468
"1567",2013,2017,"dhsc_rdel","cash_values","fyear","outtrun",104408,"outtrun",119918,0.0352319094828319
"1568",2014,2017,"dhsc_rdel","cash_values","fyear","outtrun",108373,"outtrun",119918,0.0343188200097242
"1569",2015,2017,"dhsc_rdel","cash_values","fyear","outtrun",112592,"outtrun",119918,0.032020731296232
"1570",2016,2017,"dhsc_rdel","cash_values","fyear","outtrun",116028,"outtrun",119918,0.0335263901816802
"1571",2013,2018,"dhsc_rdel","cash_values","fyear","outtrun",104408,"outtrun",122455,0.0324013153570564
"1572",2014,2018,"dhsc_rdel","cash_values","fyear","outtrun",108373,"outtrun",122455,0.0310123243714764
"1573",2015,2018,"dhsc_rdel","cash_values","fyear","outtrun",112592,"outtrun",122455,0.0283864118764288
"1574",2016,2018,"dhsc_rdel","cash_values","fyear","outtrun",116028,"outtrun",122455,0.027322637723336
"1575",2017,2018,"dhsc_rdel","cash_values","fyear","outtrun",119918,"outtrun",122455,0.0211561233509565
"1576",2013,2019,"dhsc_rdel","cash_values","fyear","outtrun",104408,"outtrun",131440,0.039119820953134
"1577",2014,2019,"dhsc_rdel","cash_values","fyear","outtrun",108373,"outtrun",131440,0.0393487329172093
"1578",2015,2019,"dhsc_rdel","cash_values","fyear","outtrun",112592,"outtrun",131440,0.0394533522474747
"1579",2016,2019,"dhsc_rdel","cash_values","fyear","outtrun",116028,"outtrun",131440,0.0424492343936642
"1580",2017,2019,"dhsc_rdel","cash_values","fyear","outtrun",119918,"outtrun",131440,0.0469395029898636
"1581",2018,2019,"dhsc_rdel","cash_values","fyear","outtrun",122455,"outtrun",131440,0.0733738924502878
"1582",2013,2020,"dhsc_rdel","cash_values","fyear","outtrun",104408,"outtrun",177906,0.0791088636617177
"1583",2014,2020,"dhsc_rdel","cash_values","fyear","outtrun",108373,"outtrun",177906,0.086121097806553
"1584",2015,2020,"dhsc_rdel","cash_values","fyear","outtrun",112592,"outtrun",177906,0.0958134137876039
"1585",2016,2020,"dhsc_rdel","cash_values","fyear","outtrun",116028,"outtrun",177906,0.112773942178544
"1586",2017,2020,"dhsc_rdel","cash_values","fyear","outtrun",119918,"outtrun",177906,0.140517813539757
"1587",2018,2020,"dhsc_rdel","cash_values","fyear","outtrun",122455,"outtrun",177906,0.205332970307863
"1588",2019,2020,"dhsc_rdel","cash_values","fyear","outtrun",131440,"outtrun",177906,0.353514911746805
"1589",2013,2021,"dhsc_rdel","cash_values","fyear","outtrun",104408,"outtrun",178155,0.069074645622681
"1590",2014,2021,"dhsc_rdel","cash_values","fyear","outtrun",108373,"outtrun",178155,0.0735927251204886
"1591",2015,2021,"dhsc_rdel","cash_values","fyear","outtrun",112592,"outtrun",178155,0.0794811929050068
"1592",2016,2021,"dhsc_rdel","cash_values","fyear","outtrun",116028,"outtrun",178155,0.0895496909602858
"1593",2017,2021,"dhsc_rdel","cash_values","fyear","outtrun",119918,"outtrun",178155,0.104023733661984
"1594",2018,2021,"dhsc_rdel","cash_values","fyear","outtrun",122455,"outtrun",178155,0.133114588425383
"1595",2019,2021,"dhsc_rdel","cash_values","fyear","outtrun",131440,"outtrun",178155,0.164220474065681
"1596",2020,2021,"dhsc_rdel","cash_values","fyear","outtrun",177906,"outtrun",178155,0.00139961552730083
"1597",2013,2022,"dhsc_rdel","cash_values","fyear","outtrun",104408,"outtrun",172283,0.0572254951494033
"1598",2014,2022,"dhsc_rdel","cash_values","fyear","outtrun",108373,"outtrun",172283,0.0596566458401688
"1599",2015,2022,"dhsc_rdel","cash_values","fyear","outtrun",112592,"outtrun",172283,0.0626511066845226
"1600",2016,2022,"dhsc_rdel","cash_values","fyear","outtrun",116028,"outtrun",172283,0.0681033320458087
"1601",2017,2022,"dhsc_rdel","cash_values","fyear","outtrun",119918,"outtrun",172283,0.0751563141660845
"1602",2018,2022,"dhsc_rdel","cash_values","fyear","outtrun",122455,"outtrun",172283,0.0890967843257937
"1603",2019,2022,"dhsc_rdel","cash_values","fyear","outtrun",131440,"outtrun",172283,0.0943887628167583
"1604",2020,2022,"dhsc_rdel","cash_values","fyear","outtrun",177906,"outtrun",172283,-0.0159301746090742
"1605",2021,2022,"dhsc_rdel","cash_values","fyear","outtrun",178155,"outtrun",172283,-0.0329600628666049
"1606",2013,2023,"dhsc_rdel","cash_values","fyear","outtrun",104408,"outtrun",178095,0.0548526421571678
"1607",2014,2023,"dhsc_rdel","cash_values","fyear","outtrun",108373,"outtrun",178095,0.0567446799949309
"1608",2015,2023,"dhsc_rdel","cash_values","fyear","outtrun",112592,"outtrun",178095,0.058992840867494
"1609",2016,2023,"dhsc_rdel","cash_values","fyear","outtrun",116028,"outtrun",178095,0.0631245117706676
"1610",2017,2023,"dhsc_rdel","cash_values","fyear","outtrun",119918,"outtrun",178095,0.0681392934932838
"1611",2018,2023,"dhsc_rdel","cash_values","fyear","outtrun",122455,"outtrun",178095,0.0777922113370471
"1612",2019,2023,"dhsc_rdel","cash_values","fyear","outtrun",131440,"outtrun",178095,0.0788996298716107
"1613",2020,2023,"dhsc_rdel","cash_values","fyear","outtrun",177906,"outtrun",178095,0.000353994264518986
"1614",2021,2023,"dhsc_rdel","cash_values","fyear","outtrun",178155,"outtrun",178095,-0.000168406872194438
"1615",2022,2023,"dhsc_rdel","cash_values","fyear","outtrun",172283,"outtrun",178095,0.0337351915162842
"1616",2013,2024,"dhsc_rdel","cash_values","fyear","outtrun",104408,"planned",193200,0.0575418845197562
"1617",2014,2024,"dhsc_rdel","cash_values","fyear","outtrun",108373,"planned",193200,0.0595186424931109
"1618",2015,2024,"dhsc_rdel","cash_values","fyear","outtrun",112592,"planned",193200,0.0618312676444881
"1619",2016,2024,"dhsc_rdel","cash_values","fyear","outtrun",116028,"planned",193200,0.0658118375659011
"1620",2017,2024,"dhsc_rdel","cash_values","fyear","outtrun",119918,"planned",193200,0.0705056495901486
"1621",2018,2024,"dhsc_rdel","cash_values","fyear","outtrun",122455,"planned",193200,0.0789593923410548
"1622",2019,2024,"dhsc_rdel","cash_values","fyear","outtrun",131440,"planned",193200,0.0800799753126413
"1623",2020,2024,"dhsc_rdel","cash_values","fyear","outtrun",177906,"planned",193200,0.0208316622437046
"1624",2021,2024,"dhsc_rdel","cash_values","fyear","outtrun",178155,"planned",193200,0.0273924475182405
"1625",2022,2024,"dhsc_rdel","cash_values","fyear","outtrun",172283,"planned",193200,0.0589668088087829
"1626",2023,2024,"dhsc_rdel","cash_values","fyear","outtrun",178095,"planned",193200,0.0848142845110755
"1627",2013,2025,"dhsc_rdel","cash_values","fyear","outtrun",104408,"planned",203400,0.0571454972627863
"1628",2014,2025,"dhsc_rdel","cash_values","fyear","outtrun",108373,"planned",203400,0.0589056348192352
"1629",2015,2025,"dhsc_rdel","cash_values","fyear","outtrun",112592,"planned",203400,0.0609241647721182
"1630",2016,2025,"dhsc_rdel","cash_values","fyear","outtrun",116028,"planned",203400,0.0643576142163782
"1631",2017,2025,"dhsc_rdel","cash_values","fyear","outtrun",119918,"planned",203400,0.0682756307507306
"1632",2018,2025,"dhsc_rdel","cash_values","fyear","outtrun",122455,"planned",203400,0.0751821875471714
"1633",2019,2025,"dhsc_rdel","cash_values","fyear","outtrun",131440,"planned",203400,0.0754838661030481
"1634",2020,2025,"dhsc_rdel","cash_values","fyear","outtrun",177906,"planned",203400,0.0271457432766729
"1635",2021,2025,"dhsc_rdel","cash_values","fyear","outtrun",178155,"planned",203400,0.0336850454025417
"1636",2022,2025,"dhsc_rdel","cash_values","fyear","outtrun",172283,"planned",203400,0.0569055399206693
"1637",2023,2025,"dhsc_rdel","cash_values","fyear","outtrun",178095,"planned",203400,0.0686847469444496
"1638",2024,2025,"dhsc_rdel","cash_values","fyear","planned",193200,"planned",203400,0.0527950310559007
"1639",2013,2026,"dhsc_rdel","cash_values","fyear","outtrun",104408,"planned",211400,0.0557644053811546
"1640",2014,2026,"dhsc_rdel","cash_values","fyear","outtrun",108373,"planned",211400,0.0572604601749496
"1641",2015,2026,"dhsc_rdel","cash_values","fyear","outtrun",112592,"planned",211400,0.058942784295553
"1642",2016,2026,"dhsc_rdel","cash_values","fyear","outtrun",116028,"planned",211400,0.0618281083917995
"1643",2017,2026,"dhsc_rdel","cash_values","fyear","outtrun",119918,"planned",211400,0.0650202002966764
"1644",2018,2026,"dhsc_rdel","cash_values","fyear","outtrun",122455,"planned",211400,0.0706340651686106
"1645",2019,2026,"dhsc_rdel","cash_values","fyear","outtrun",131440,"planned",211400,0.070243232587041
"1646",2020,2026,"dhsc_rdel","cash_values","fyear","outtrun",177906,"planned",211400,0.0291667134601921
"1647",2021,2026,"dhsc_rdel","cash_values","fyear","outtrun",178155,"planned",211400,0.0348118503683779
"1648",2022,2026,"dhsc_rdel","cash_values","fyear","outtrun",172283,"planned",211400,0.0524843319678481
"1649",2023,2026,"dhsc_rdel","cash_values","fyear","outtrun",178095,"planned",211400,0.0588093116709023
"1650",2024,2026,"dhsc_rdel","cash_values","fyear","planned",193200,"planned",211400,0.0460415376794197
"1651",2025,2026,"dhsc_rdel","cash_values","fyear","planned",203400,"planned",211400,0.039331366764995
"1652",2013,2027,"dhsc_rdel","cash_values","fyear","outtrun",104408,"planned",221300,0.0551237594516281
"1653",2014,2027,"dhsc_rdel","cash_values","fyear","outtrun",108373,"planned",221300,0.0564544911541178
"1654",2015,2027,"dhsc_rdel","cash_values","fyear","outtrun",112592,"planned",221300,0.0579281096320854
"1655",2016,2027,"dhsc_rdel","cash_values","fyear","outtrun",116028,"planned",221300,0.060455870670939
"1656",2017,2027,"dhsc_rdel","cash_values","fyear","outtrun",119918,"planned",221300,0.063187112713853
"1657",2018,2027,"dhsc_rdel","cash_values","fyear","outtrun",122455,"planned",221300,0.0679627353601435
"1658",2019,2027,"dhsc_rdel","cash_values","fyear","outtrun",131440,"planned",221300,0.0672882616090769
"1659",2020,2027,"dhsc_rdel","cash_values","fyear","outtrun",177906,"planned",221300,0.031671766629408
"1660",2021,2027,"dhsc_rdel","cash_values","fyear","outtrun",178155,"planned",221300,0.0368053584498225
"1661",2022,2027,"dhsc_rdel","cash_values","fyear","outtrun",172283,"planned",221300,0.0513511586615734
"1662",2023,2027,"dhsc_rdel","cash_values","fyear","outtrun",178095,"planned",221300,0.0558018575871406
"1663",2024,2027,"dhsc_rdel","cash_values","fyear","planned",193200,"planned",221300,0.0463045099338049
"1664",2025,2027,"dhsc_rdel","cash_values","fyear","planned",203400,"planned",221300,0.0430742701920495
"1665",2026,2027,"dhsc_rdel","cash_values","fyear","planned",211400,"planned",221300,0.0468306527909177
"1666",2013,2028,"dhsc_rdel","cash_values","fyear","outtrun",104408,"planned",231200,0.0544280167953499
"1667",2014,2028,"dhsc_rdel","cash_values","fyear","outtrun",108373,"planned",231200,0.0556130893137989
"1668",2015,2028,"dhsc_rdel","cash_values","fyear","outtrun",112592,"planned",231200,0.0569074175244455
"1669",2016,2028,"dhsc_rdel","cash_values","fyear","outtrun",116028,"planned",231200,0.0591368665974967
"1670",2017,2028,"dhsc_rdel","cash_values","fyear","outtrun",119918,"planned",231200,0.0614963269418349
"1671",2018,2028,"dhsc_rdel","cash_values","fyear","outtrun",122455,"planned",231200,0.0656169765499015
"1672",2019,2028,"dhsc_rdel","cash_values","fyear","outtrun",131440,"planned",231200,0.0647585647271103
"1673",2020,2028,"dhsc_rdel","cash_values","fyear","outtrun",177906,"planned",231200,0.033295776650232
"1674",2021,2028,"dhsc_rdel","cash_values","fyear","outtrun",178155,"planned",231200,0.0379345614563129
"1675",2022,2028,"dhsc_rdel","cash_values","fyear","outtrun",172283,"planned",231200,0.0502456724269944
"1676",2023,2028,"dhsc_rdel","cash_values","fyear","outtrun",178095,"planned",231200,0.0535792787949991
"1677",2024,2028,"dhsc_rdel","cash_values","fyear","planned",193200,"planned",231200,0.0459120749610062
"1678",2025,2028,"dhsc_rdel","cash_values","fyear","planned",203400,"planned",231200,0.0436277706846171
"1679",2026,2028,"dhsc_rdel","cash_values","fyear","planned",211400,"planned",231200,0.0457826282654705
"1680",2027,2028,"dhsc_rdel","cash_values","fyear","planned",221300,"planned",231200,0.0447356529597831
"1681",2013,2014,"nhse_rdel","cash_values","fyear","outtrun",93696,"outtrun",97098,0.0363089139344261
"1682",2013,2015,"nhse_rdel","cash_values","fyear","outtrun",93696,"outtrun",100572,0.0360435659236553
"1683",2014,2015,"nhse_rdel","cash_values","fyear","outtrun",97098,"outtrun",100572,0.0357782858555273
"1684",2013,2016,"nhse_rdel","cash_values","fyear","outtrun",93696,"outtrun",105735,0.0411162848398532
"1685",2014,2016,"nhse_rdel","cash_values","fyear","outtrun",97098,"outtrun",105735,0.0435283267454996
"1686",2015,2016,"nhse_rdel","cash_values","fyear","outtrun",100572,"outtrun",105735,0.0513363560434317
"1687",2013,2017,"nhse_rdel","cash_values","fyear","outtrun",93696,"outtrun",109605,0.0399856071234319
"1688",2014,2017,"nhse_rdel","cash_values","fyear","outtrun",97098,"outtrun",109605,0.0412140680028694
"1689",2015,2017,"nhse_rdel","cash_values","fyear","outtrun",100572,"outtrun",109605,0.0439426473921007
"1690",2016,2017,"nhse_rdel","cash_values","fyear","outtrun",105735,"outtrun",109605,0.0366009363030217
"1691",2013,2018,"nhse_rdel","cash_values","fyear","outtrun",93696,"outtrun",112427,0.0371221610247308
"1692",2014,2018,"nhse_rdel","cash_values","fyear","outtrun",97098,"outtrun",112427,0.0373255724962709
"1693",2015,2018,"nhse_rdel","cash_values","fyear","outtrun",100572,"outtrun",112427,0.0378418481834659
"1694",2016,2018,"nhse_rdel","cash_values","fyear","outtrun",105735,"outtrun",112427,0.0311596875483253
"1695",2017,2018,"nhse_rdel","cash_values","fyear","outtrun",109605,"outtrun",112427,0.0257470005930387
"1696",2013,2019,"nhse_rdel","cash_values","fyear","outtrun",93696,"outtrun",126442,0.051223475943212
"1697",2014,2019,"nhse_rdel","cash_values","fyear","outtrun",97098,"outtrun",126442,0.0542320481763754
"1698",2015,2019,"nhse_rdel","cash_values","fyear","outtrun",100572,"outtrun",126442,0.058896633306831
"1699",2016,2019,"nhse_rdel","cash_values","fyear","outtrun",105735,"outtrun",126442,0.0614287879899151
"1700",2017,2019,"nhse_rdel","cash_values","fyear","outtrun",109605,"outtrun",126442,0.0740648280148284
"1701",2018,2019,"nhse_rdel","cash_values","fyear","outtrun",112427,"outtrun",126442,0.124658667401959
"1702",2013,2020,"nhse_rdel","cash_values","fyear","outtrun",93696,"outtrun",146018,0.0654338185207812
"1703",2014,2020,"nhse_rdel","cash_values","fyear","outtrun",97098,"outtrun",146018,0.0703669361519734
"1704",2015,2020,"nhse_rdel","cash_values","fyear","outtrun",100572,"outtrun",146018,0.0774220560160168
"1705",2016,2020,"nhse_rdel","cash_values","fyear","outtrun",105735,"outtrun",146018,0.0840439911888793
"1706",2017,2020,"nhse_rdel","cash_values","fyear","outtrun",109605,"outtrun",146018,0.10033605308933
"1707",2018,2020,"nhse_rdel","cash_values","fyear","outtrun",112427,"outtrun",146018,0.139640531940056
"1708",2019,2020,"nhse_rdel","cash_values","fyear","outtrun",126442,"outtrun",146018,0.154821973711267
"1709",2013,2021,"nhse_rdel","cash_values","fyear","outtrun",93696,"outtrun",152317,0.0626210524788637
"1710",2014,2021,"nhse_rdel","cash_values","fyear","outtrun",97098,"outtrun",152317,0.0664340748475465
"1711",2015,2021,"nhse_rdel","cash_values","fyear","outtrun",100572,"outtrun",152317,0.0716308686749147
"1712",2016,2021,"nhse_rdel","cash_values","fyear","outtrun",105735,"outtrun",152317,0.0757365419986069
"1713",2017,2021,"nhse_rdel","cash_values","fyear","outtrun",109605,"outtrun",152317,0.0857491617547665
"1714",2018,2021,"nhse_rdel","cash_values","fyear","outtrun",112427,"outtrun",152317,0.106519958418504
"1715",2019,2021,"nhse_rdel","cash_values","fyear","outtrun",126442,"outtrun",152317,0.0975606048193798
"1716",2020,2021,"nhse_rdel","cash_values","fyear","outtrun",146018,"outtrun",152317,0.0431385171691161
"1717",2013,2022,"nhse_rdel","cash_values","fyear","outtrun",93696,"outtrun",160939,0.0619509847484745
"1718",2014,2022,"nhse_rdel","cash_values","fyear","outtrun",97098,"outtrun",160939,0.0652005370978155
"1719",2015,2022,"nhse_rdel","cash_values","fyear","outtrun",100572,"outtrun",160939,0.0694713951560102
"1720",2016,2022,"nhse_rdel","cash_values","fyear","outtrun",105735,"outtrun",160939,0.0725241702018498
"1721",2017,2022,"nhse_rdel","cash_values","fyear","outtrun",109605,"outtrun",160939,0.0798568471961953
"1722",2018,2022,"nhse_rdel","cash_values","fyear","outtrun",112427,"outtrun",160939,0.0938245564533726
"1723",2019,2022,"nhse_rdel","cash_values","fyear","outtrun",126442,"outtrun",160939,0.0837355352360158
"1724",2020,2022,"nhse_rdel","cash_values","fyear","outtrun",146018,"outtrun",160939,0.0498504807157474
"1725",2021,2022,"nhse_rdel","cash_values","fyear","outtrun",152317,"outtrun",160939,0.0566056316760439
"1726",2013,2023,"nhse_rdel","cash_values","fyear","outtrun",93696,"outtrun",170999,0.0620066886495749
"1727",2014,2023,"nhse_rdel","cash_values","fyear","outtrun",97098,"outtrun",170999,0.0649010469648454
"1728",2015,2023,"nhse_rdel","cash_values","fyear","outtrun",100572,"outtrun",170999,0.0685985006611221
"1729",2016,2023,"nhse_rdel","cash_values","fyear","outtrun",105735,"outtrun",170999,0.0710875508483113
"1730",2017,2023,"nhse_rdel","cash_values","fyear","outtrun",109605,"outtrun",170999,0.0769458508021073
"1731",2018,2023,"nhse_rdel","cash_values","fyear","outtrun",112427,"outtrun",170999,0.0874882912752075
"1732",2019,2023,"nhse_rdel","cash_values","fyear","outtrun",126442,"outtrun",170999,0.0783892588733113
"1733",2020,2023,"nhse_rdel","cash_values","fyear","outtrun",146018,"outtrun",170999,0.0540528616721749
"1734",2021,2023,"nhse_rdel","cash_values","fyear","outtrun",152317,"outtrun",170999,0.0595527832786109
"1735",2022,2023,"nhse_rdel","cash_values","fyear","outtrun",160939,"outtrun",170999,0.0625081552637956
"1736",2013,2024,"nhse_rdel","cash_values","fyear","outtrun",93696,"planned",186800,0.0647347740738009
"1737",2014,2024,"nhse_rdel","cash_values","fyear","outtrun",97098,"planned",186800,0.0676198962511925
"1738",2015,2024,"nhse_rdel","cash_values","fyear","outtrun",100572,"planned",186800,0.0712177342599207
"1739",2016,2024,"nhse_rdel","cash_values","fyear","outtrun",105735,"planned",186800,0.0737291972844822
"1740",2017,2024,"nhse_rdel","cash_values","fyear","outtrun",109605,"planned",186800,0.0791406996669284
"1741",2018,2024,"nhse_rdel","cash_values","fyear","outtrun",112427,"planned",186800,0.0883060454034681
"1742",2019,2024,"nhse_rdel","cash_values","fyear","outtrun",126442,"planned",186800,0.0811777585808262
"1743",2020,2024,"nhse_rdel","cash_values","fyear","outtrun",146018,"planned",186800,0.0635125497414459
"1744",2021,2024,"nhse_rdel","cash_values","fyear","outtrun",152317,"planned",186800,0.07039194318244
"1745",2022,2024,"nhse_rdel","cash_values","fyear","outtrun",160939,"planned",186800,0.0773524080176058
"1746",2023,2024,"nhse_rdel","cash_values","fyear","outtrun",170999,"planned",186800,0.0924040491464861
"1747",2013,2025,"nhse_rdel","cash_values","fyear","outtrun",93696,"planned",195600,0.0632547134759045
"1748",2014,2025,"nhse_rdel","cash_values","fyear","outtrun",97098,"planned",195600,0.0657388035356865
"1749",2015,2025,"nhse_rdel","cash_values","fyear","outtrun",100572,"planned",195600,0.0687821117182197
"1750",2016,2025,"nhse_rdel","cash_values","fyear","outtrun",105735,"planned",195600,0.0707383117671068
"1751",2017,2025,"nhse_rdel","cash_values","fyear","outtrun",109605,"planned",195600,0.0750837821873618
"1752",2018,2025,"nhse_rdel","cash_values","fyear","outtrun",112427,"planned",195600,0.0823230054945407
"1753",2019,2025,"nhse_rdel","cash_values","fyear","outtrun",126442,"planned",195600,0.0754236483487731
"1754",2020,2025,"nhse_rdel","cash_values","fyear","outtrun",146018,"planned",195600,0.0602114519102401
"1755",2021,2025,"nhse_rdel","cash_values","fyear","outtrun",152317,"planned",195600,0.0645231692873636
"1756",2022,2025,"nhse_rdel","cash_values","fyear","outtrun",160939,"planned",195600,0.0671755108370746
"1757",2023,2025,"nhse_rdel","cash_values","fyear","outtrun",170999,"planned",195600,0.06951687148901
"1758",2024,2025,"nhse_rdel","cash_values","fyear","planned",186800,"planned",195600,0.0471092077087794
"1759",2013,2026,"nhse_rdel","cash_values","fyear","outtrun",93696,"planned",204900,0.0620380333264177
"1760",2014,2026,"nhse_rdel","cash_values","fyear","outtrun",97098,"planned",204900,0.0642107448666467
"1761",2015,2026,"nhse_rdel","cash_values","fyear","outtrun",100572,"planned",204900,0.0668338976000751
"1762",2016,2026,"nhse_rdel","cash_values","fyear","outtrun",105735,"planned",204900,0.0683961611190078
"1763",2017,2026,"nhse_rdel","cash_values","fyear","outtrun",109605,"planned",204900,0.0719886246509973
"1764",2018,2026,"nhse_rdel","cash_values","fyear","outtrun",112427,"planned",204900,0.0779135146150762
"1765",2019,2026,"nhse_rdel","cash_values","fyear","outtrun",126442,"planned",204900,0.0713961611791916
"1766",2020,2026,"nhse_rdel","cash_values","fyear","outtrun",146018,"planned",204900,0.0580899607766112
"1767",2021,2026,"nhse_rdel","cash_values","fyear","outtrun",152317,"planned",204900,0.0611058679601044
"1768",2022,2026,"nhse_rdel","cash_values","fyear","outtrun",160939,"planned",204900,0.0622339187165206
"1769",2023,2026,"nhse_rdel","cash_values","fyear","outtrun",170999,"planned",204900,0.0621425222641705
"1770",2024,2026,"nhse_rdel","cash_values","fyear","planned",186800,"planned",204900,0.0473275872173267
"1771",2025,2026,"nhse_rdel","cash_values","fyear","planned",195600,"planned",204900,0.0475460122699387
"1772",2013,2027,"nhse_rdel","cash_values","fyear","outtrun",93696,"planned",215400,0.0612634055532801
"1773",2014,2027,"nhse_rdel","cash_values","fyear","outtrun",97098,"planned",215400,0.0632076892161368
"1774",2015,2027,"nhse_rdel","cash_values","fyear","outtrun",100572,"planned",215400,0.0655259989735011
"1775",2016,2027,"nhse_rdel","cash_values","fyear","outtrun",105735,"planned",215400,0.0668254244983222
"1776",2017,2027,"nhse_rdel","cash_values","fyear","outtrun",109605,"planned",215400,0.0698959246716531
"1777",2018,2027,"nhse_rdel","cash_values","fyear","outtrun",112427,"planned",215400,0.0749171909671
"1778",2019,2027,"nhse_rdel","cash_values","fyear","outtrun",126442,"planned",215400,0.0688562296200659
"1779",2020,2027,"nhse_rdel","cash_values","fyear","outtrun",146018,"planned",215400,0.0571093167759984
"1780",2021,2027,"nhse_rdel","cash_values","fyear","outtrun",152317,"planned",215400,0.0594559075107151
"1781",2022,2027,"nhse_rdel","cash_values","fyear","outtrun",160939,"planned",215400,0.060026884675612
"1782",2023,2027,"nhse_rdel","cash_values","fyear","outtrun",170999,"planned",215400,0.0594074729483538
"1783",2024,2027,"nhse_rdel","cash_values","fyear","planned",186800,"planned",215400,0.0486316036928915
"1784",2025,2027,"nhse_rdel","cash_values","fyear","planned",195600,"planned",215400,0.0493936315153769
"1785",2026,2027,"nhse_rdel","cash_values","fyear","planned",204900,"planned",215400,0.0512445095168375
"1786",2013,2028,"nhse_rdel","cash_values","fyear","outtrun",93696,"planned",226100,0.0604868820528939
"1787",2014,2028,"nhse_rdel","cash_values","fyear","outtrun",97098,"planned",226100,0.0622353108034002
"1788",2015,2028,"nhse_rdel","cash_values","fyear","outtrun",100572,"planned",226100,0.0642982407574322
"1789",2016,2028,"nhse_rdel","cash_values","fyear","outtrun",105735,"planned",226100,0.065385584292724
"1790",2017,2028,"nhse_rdel","cash_values","fyear","outtrun",109605,"planned",226100,0.0680416760619962
"1791",2018,2028,"nhse_rdel","cash_values","fyear","outtrun",112427,"planned",226100,0.0723658964368583
"1792",2019,2028,"nhse_rdel","cash_values","fyear","outtrun",126442,"planned",226100,0.0667077914942984
"1793",2020,2028,"nhse_rdel","cash_values","fyear","outtrun",146018,"planned",226100,0.056177158229183
"1794",2021,2028,"nhse_rdel","cash_values","fyear","outtrun",152317,"planned",226100,0.0580530781322794
"1795",2022,2028,"nhse_rdel","cash_values","fyear","outtrun",160939,"planned",226100,0.0582945119130811
"1796",2023,2028,"nhse_rdel","cash_values","fyear","outtrun",170999,"planned",226100,0.0574537905988428
"1797",2024,2028,"nhse_rdel","cash_values","fyear","planned",186800,"planned",226100,0.0488923612949073
"1798",2025,2028,"nhse_rdel","cash_values","fyear","planned",195600,"planned",226100,0.0494874203652287
"1799",2026,2028,"nhse_rdel","cash_values","fyear","planned",204900,"planned",226100,0.0504594732445578
"1800",2027,2028,"nhse_rdel","cash_values","fyear","planned",215400,"planned",226100,0.0496750232126277
"1801",2013,2014,"pensions","cash_values","fyear","outtrun",0,"outtrun",0,NA
"1802",2013,2015,"pensions","cash_values","fyear","outtrun",0,"outtrun",0,NA
"1803",2014,2015,"pensions","cash_values","fyear","outtrun",0,"outtrun",0,NA
"1804",2013,2016,"pensions","cash_values","fyear","outtrun",0,"outtrun",0,NA
"1805",2014,2016,"pensions","cash_values","fyear","outtrun",0,"outtrun",0,NA
"1806",2015,2016,"pensions","cash_values","fyear","outtrun",0,"outtrun",0,NA
"1807",2013,2017,"pensions","cash_values","fyear","outtrun",0,"outtrun",0,NA
"1808",2014,2017,"pensions","cash_values","fyear","outtrun",0,"outtrun",0,NA
"1809",2015,2017,"pensions","cash_values","fyear","outtrun",0,"outtrun",0,NA
"1810",2016,2017,"pensions","cash_values","fyear","outtrun",0,"outtrun",0,NA
"1811",2013,2018,"pensions","cash_values","fyear","outtrun",0,"outtrun",0,NA
"1812",2014,2018,"pensions","cash_values","fyear","outtrun",0,"outtrun",0,NA
"1813",2015,2018,"pensions","cash_values","fyear","outtrun",0,"outtrun",0,NA
"1814",2016,2018,"pensions","cash_values","fyear","outtrun",0,"outtrun",0,NA
"1815",2017,2018,"pensions","cash_values","fyear","outtrun",0,"outtrun",0,NA
"1816",2013,2019,"pensions","cash_values","fyear","outtrun",0,"outtrun",2851,Inf
"1817",2014,2019,"pensions","cash_values","fyear","outtrun",0,"outtrun",2851,Inf
"1818",2015,2019,"pensions","cash_values","fyear","outtrun",0,"outtrun",2851,Inf
"1819",2016,2019,"pensions","cash_values","fyear","outtrun",0,"outtrun",2851,Inf
"1820",2017,2019,"pensions","cash_values","fyear","outtrun",0,"outtrun",2851,Inf
"1821",2018,2019,"pensions","cash_values","fyear","outtrun",0,"outtrun",2851,Inf
"1822",2013,2020,"pensions","cash_values","fyear","outtrun",0,"outtrun",2851,Inf
"1823",2014,2020,"pensions","cash_values","fyear","outtrun",0,"outtrun",2851,Inf
"1824",2015,2020,"pensions","cash_values","fyear","outtrun",0,"outtrun",2851,Inf
"1825",2016,2020,"pensions","cash_values","fyear","outtrun",0,"outtrun",2851,Inf
"1826",2017,2020,"pensions","cash_values","fyear","outtrun",0,"outtrun",2851,Inf
"1827",2018,2020,"pensions","cash_values","fyear","outtrun",0,"outtrun",2851,Inf
"1828",2019,2020,"pensions","cash_values","fyear","outtrun",2851,"outtrun",2851,0
"1829",2013,2021,"pensions","cash_values","fyear","outtrun",0,"outtrun",2851,Inf
"1830",2014,2021,"pensions","cash_values","fyear","outtrun",0,"outtrun",2851,Inf
"1831",2015,2021,"pensions","cash_values","fyear","outtrun",0,"outtrun",2851,Inf
"1832",2016,2021,"pensions","cash_values","fyear","outtrun",0,"outtrun",2851,Inf
"1833",2017,2021,"pensions","cash_values","fyear","outtrun",0,"outtrun",2851,Inf
"1834",2018,2021,"pensions","cash_values","fyear","outtrun",0,"outtrun",2851,Inf
"1835",2019,2021,"pensions","cash_values","fyear","outtrun",2851,"outtrun",2851,0
"1836",2020,2021,"pensions","cash_values","fyear","outtrun",2851,"outtrun",2851,0
"1837",2013,2022,"pensions","cash_values","fyear","outtrun",0,"outtrun",2851,Inf
"1838",2014,2022,"pensions","cash_values","fyear","outtrun",0,"outtrun",2851,Inf
"1839",2015,2022,"pensions","cash_values","fyear","outtrun",0,"outtrun",2851,Inf
"1840",2016,2022,"pensions","cash_values","fyear","outtrun",0,"outtrun",2851,Inf
"1841",2017,2022,"pensions","cash_values","fyear","outtrun",0,"outtrun",2851,Inf
"1842",2018,2022,"pensions","cash_values","fyear","outtrun",0,"outtrun",2851,Inf
"1843",2019,2022,"pensions","cash_values","fyear","outtrun",2851,"outtrun",2851,0
"1844",2020,2022,"pensions","cash_values","fyear","outtrun",2851,"outtrun",2851,0
"1845",2021,2022,"pensions","cash_values","fyear","outtrun",2851,"outtrun",2851,0
"1846",2013,2023,"pensions","cash_values","fyear","outtrun",0,"outtrun",2851,Inf
"1847",2014,2023,"pensions","cash_values","fyear","outtrun",0,"outtrun",2851,Inf
"1848",2015,2023,"pensions","cash_values","fyear","outtrun",0,"outtrun",2851,Inf
"1849",2016,2023,"pensions","cash_values","fyear","outtrun",0,"outtrun",2851,Inf
"1850",2017,2023,"pensions","cash_values","fyear","outtrun",0,"outtrun",2851,Inf
"1851",2018,2023,"pensions","cash_values","fyear","outtrun",0,"outtrun",2851,Inf
"1852",2019,2023,"pensions","cash_values","fyear","outtrun",2851,"outtrun",2851,0
"1853",2020,2023,"pensions","cash_values","fyear","outtrun",2851,"outtrun",2851,0
"1854",2021,2023,"pensions","cash_values","fyear","outtrun",2851,"outtrun",2851,0
"1855",2022,2023,"pensions","cash_values","fyear","outtrun",2851,"outtrun",2851,0
"1856",2013,2024,"pensions","cash_values","fyear","outtrun",0,"planned",2851,Inf
"1857",2014,2024,"pensions","cash_values","fyear","outtrun",0,"planned",2851,Inf
"1858",2015,2024,"pensions","cash_values","fyear","outtrun",0,"planned",2851,Inf
"1859",2016,2024,"pensions","cash_values","fyear","outtrun",0,"planned",2851,Inf
"1860",2017,2024,"pensions","cash_values","fyear","outtrun",0,"planned",2851,Inf
"1861",2018,2024,"pensions","cash_values","fyear","outtrun",0,"planned",2851,Inf
"1862",2019,2024,"pensions","cash_values","fyear","outtrun",2851,"planned",2851,0
"1863",2020,2024,"pensions","cash_values","fyear","outtrun",2851,"planned",2851,0
"1864",2021,2024,"pensions","cash_values","fyear","outtrun",2851,"planned",2851,0
"1865",2022,2024,"pensions","cash_values","fyear","outtrun",2851,"planned",2851,0
"1866",2023,2024,"pensions","cash_values","fyear","outtrun",2851,"planned",2851,0
"1867",2013,2025,"pensions","cash_values","fyear","outtrun",0,"planned",4816,Inf
"1868",2014,2025,"pensions","cash_values","fyear","outtrun",0,"planned",4816,Inf
"1869",2015,2025,"pensions","cash_values","fyear","outtrun",0,"planned",4816,Inf
"1870",2016,2025,"pensions","cash_values","fyear","outtrun",0,"planned",4816,Inf
"1871",2017,2025,"pensions","cash_values","fyear","outtrun",0,"planned",4816,Inf
"1872",2018,2025,"pensions","cash_values","fyear","outtrun",0,"planned",4816,Inf
"1873",2019,2025,"pensions","cash_values","fyear","outtrun",2851,"planned",4816,0.0913101893800821
"1874",2020,2025,"pensions","cash_values","fyear","outtrun",2851,"planned",4816,0.110549324244763
"1875",2021,2025,"pensions","cash_values","fyear","outtrun",2851,"planned",4816,0.140045842730065
"1876",2022,2025,"pensions","cash_values","fyear","outtrun",2851,"planned",4816,0.190957929444791
"1877",2023,2025,"pensions","cash_values","fyear","outtrun",2851,"planned",4816,0.299704523526105
"1878",2024,2025,"pensions","cash_values","fyear","planned",2851,"planned",4816,0.689231848474219
"1879",2013,2026,"pensions","cash_values","fyear","outtrun",0,"planned",4816,Inf
"1880",2014,2026,"pensions","cash_values","fyear","outtrun",0,"planned",4816,Inf
"1881",2015,2026,"pensions","cash_values","fyear","outtrun",0,"planned",4816,Inf
"1882",2016,2026,"pensions","cash_values","fyear","outtrun",0,"planned",4816,Inf
"1883",2017,2026,"pensions","cash_values","fyear","outtrun",0,"planned",4816,Inf
"1884",2018,2026,"pensions","cash_values","fyear","outtrun",0,"planned",4816,Inf
"1885",2019,2026,"pensions","cash_values","fyear","outtrun",2851,"planned",4816,0.0777723490038686
"1886",2020,2026,"pensions","cash_values","fyear","outtrun",2851,"planned",4816,0.0913101893800821
"1887",2021,2026,"pensions","cash_values","fyear","outtrun",2851,"planned",4816,0.110549324244763
"1888",2022,2026,"pensions","cash_values","fyear","outtrun",2851,"planned",4816,0.140045842730065
"1889",2023,2026,"pensions","cash_values","fyear","outtrun",2851,"planned",4816,0.190957929444791
"1890",2024,2026,"pensions","cash_values","fyear","planned",2851,"planned",4816,0.299704523526105
"1891",2025,2026,"pensions","cash_values","fyear","planned",4816,"planned",4816,0
"1892",2013,2027,"pensions","cash_values","fyear","outtrun",0,"planned",4816,Inf
"1893",2014,2027,"pensions","cash_values","fyear","outtrun",0,"planned",4816,Inf
"1894",2015,2027,"pensions","cash_values","fyear","outtrun",0,"planned",4816,Inf
"1895",2016,2027,"pensions","cash_values","fyear","outtrun",0,"planned",4816,Inf
"1896",2017,2027,"pensions","cash_values","fyear","outtrun",0,"planned",4816,Inf
"1897",2018,2027,"pensions","cash_values","fyear","outtrun",0,"planned",4816,Inf
"1898",2019,2027,"pensions","cash_values","fyear","outtrun",2851,"planned",4816,0.0677292928125861
"1899",2020,2027,"pensions","cash_values","fyear","outtrun",2851,"planned",4816,0.0777723490038686
"1900",2021,2027,"pensions","cash_values","fyear","outtrun",2851,"planned",4816,0.0913101893800821
"1901",2022,2027,"pensions","cash_values","fyear","outtrun",2851,"planned",4816,0.110549324244763
"1902",2023,2027,"pensions","cash_values","fyear","outtrun",2851,"planned",4816,0.140045842730065
"1903",2024,2027,"pensions","cash_values","fyear","planned",2851,"planned",4816,0.190957929444791
"1904",2025,2027,"pensions","cash_values","fyear","planned",4816,"planned",4816,0
"1905",2026,2027,"pensions","cash_values","fyear","planned",4816,"planned",4816,0
"1906",2013,2028,"pensions","cash_values","fyear","outtrun",0,"planned",4816,Inf
"1907",2014,2028,"pensions","cash_values","fyear","outtrun",0,"planned",4816,Inf
"1908",2015,2028,"pensions","cash_values","fyear","outtrun",0,"planned",4816,Inf
"1909",2016,2028,"pensions","cash_values","fyear","outtrun",0,"planned",4816,Inf
"1910",2017,2028,"pensions","cash_values","fyear","outtrun",0,"planned",4816,Inf
"1911",2018,2028,"pensions","cash_values","fyear","outtrun",0,"planned",4816,Inf
"1912",2019,2028,"pensions","cash_values","fyear","outtrun",2851,"planned",4816,0.0599827721908686
"1913",2020,2028,"pensions","cash_values","fyear","outtrun",2851,"planned",4816,0.0677292928125861
"1914",2021,2028,"pensions","cash_values","fyear","outtrun",2851,"planned",4816,0.0777723490038686
"1915",2022,2028,"pensions","cash_values","fyear","outtrun",2851,"planned",4816,0.0913101893800821
"1916",2023,2028,"pensions","cash_values","fyear","outtrun",2851,"planned",4816,0.110549324244763
"1917",2024,2028,"pensions","cash_values","fyear","planned",2851,"planned",4816,0.140045842730065
"1918",2025,2028,"pensions","cash_values","fyear","planned",4816,"planned",4816,0
"1919",2026,2028,"pensions","cash_values","fyear","planned",4816,"planned",4816,0
"1920",2027,2028,"pensions","cash_values","fyear","planned",4816,"planned",4816,0
"1921",2013,2014,"nics","cash_values","fyear","outtrun",0,"outtrun",0,NA
"1922",2013,2015,"nics","cash_values","fyear","outtrun",0,"outtrun",0,NA
"1923",2014,2015,"nics","cash_values","fyear","outtrun",0,"outtrun",0,NA
"1924",2013,2016,"nics","cash_values","fyear","outtrun",0,"outtrun",0,NA
"1925",2014,2016,"nics","cash_values","fyear","outtrun",0,"outtrun",0,NA
"1926",2015,2016,"nics","cash_values","fyear","outtrun",0,"outtrun",0,NA
"1927",2013,2017,"nics","cash_values","fyear","outtrun",0,"outtrun",0,NA
"1928",2014,2017,"nics","cash_values","fyear","outtrun",0,"outtrun",0,NA
"1929",2015,2017,"nics","cash_values","fyear","outtrun",0,"outtrun",0,NA
"1930",2016,2017,"nics","cash_values","fyear","outtrun",0,"outtrun",0,NA
"1931",2013,2018,"nics","cash_values","fyear","outtrun",0,"outtrun",0,NA
"1932",2014,2018,"nics","cash_values","fyear","outtrun",0,"outtrun",0,NA
"1933",2015,2018,"nics","cash_values","fyear","outtrun",0,"outtrun",0,NA
"1934",2016,2018,"nics","cash_values","fyear","outtrun",0,"outtrun",0,NA
"1935",2017,2018,"nics","cash_values","fyear","outtrun",0,"outtrun",0,NA
"1936",2013,2019,"nics","cash_values","fyear","outtrun",0,"outtrun",0,NA
"1937",2014,2019,"nics","cash_values","fyear","outtrun",0,"outtrun",0,NA
"1938",2015,2019,"nics","cash_values","fyear","outtrun",0,"outtrun",0,NA
"1939",2016,2019,"nics","cash_values","fyear","outtrun",0,"outtrun",0,NA
"1940",2017,2019,"nics","cash_values","fyear","outtrun",0,"outtrun",0,NA
"1941",2018,2019,"nics","cash_values","fyear","outtrun",0,"outtrun",0,NA
"1942",2013,2020,"nics","cash_values","fyear","outtrun",0,"outtrun",0,NA
"1943",2014,2020,"nics","cash_values","fyear","outtrun",0,"outtrun",0,NA
"1944",2015,2020,"nics","cash_values","fyear","outtrun",0,"outtrun",0,NA
"1945",2016,2020,"nics","cash_values","fyear","outtrun",0,"outtrun",0,NA
"1946",2017,2020,"nics","cash_values","fyear","outtrun",0,"outtrun",0,NA
"1947",2018,2020,"nics","cash_values","fyear","outtrun",0,"outtrun",0,NA
"1948",2019,2020,"nics","cash_values","fyear","outtrun",0,"outtrun",0,NA
"1949",2013,2021,"nics","cash_values","fyear","outtrun",0,"outtrun",0,NA
"1950",2014,2021,"nics","cash_values","fyear","outtrun",0,"outtrun",0,NA
"1951",2015,2021,"nics","cash_values","fyear","outtrun",0,"outtrun",0,NA
"1952",2016,2021,"nics","cash_values","fyear","outtrun",0,"outtrun",0,NA
"1953",2017,2021,"nics","cash_values","fyear","outtrun",0,"outtrun",0,NA
"1954",2018,2021,"nics","cash_values","fyear","outtrun",0,"outtrun",0,NA
"1955",2019,2021,"nics","cash_values","fyear","outtrun",0,"outtrun",0,NA
"1956",2020,2021,"nics","cash_values","fyear","outtrun",0,"outtrun",0,NA
"1957",2013,2022,"nics","cash_values","fyear","outtrun",0,"outtrun",0,NA
"1958",2014,2022,"nics","cash_values","fyear","outtrun",0,"outtrun",0,NA
"1959",2015,2022,"nics","cash_values","fyear","outtrun",0,"outtrun",0,NA
"1960",2016,2022,"nics","cash_values","fyear","outtrun",0,"outtrun",0,NA
"1961",2017,2022,"nics","cash_values","fyear","outtrun",0,"outtrun",0,NA
"1962",2018,2022,"nics","cash_values","fyear","outtrun",0,"outtrun",0,NA
"1963",2019,2022,"nics","cash_values","fyear","outtrun",0,"outtrun",0,NA
"1964",2020,2022,"nics","cash_values","fyear","outtrun",0,"outtrun",0,NA
"1965",2021,2022,"nics","cash_values","fyear","outtrun",0,"outtrun",0,NA
"1966",2013,2023,"nics","cash_values","fyear","outtrun",0,"outtrun",0,NA
"1967",2014,2023,"nics","cash_values","fyear","outtrun",0,"outtrun",0,NA
"1968",2015,2023,"nics","cash_values","fyear","outtrun",0,"outtrun",0,NA
"1969",2016,2023,"nics","cash_values","fyear","outtrun",0,"outtrun",0,NA
"1970",2017,2023,"nics","cash_values","fyear","outtrun",0,"outtrun",0,NA
"1971",2018,2023,"nics","cash_values","fyear","outtrun",0,"outtrun",0,NA
"1972",2019,2023,"nics","cash_values","fyear","outtrun",0,"outtrun",0,NA
"1973",2020,2023,"nics","cash_values","fyear","outtrun",0,"outtrun",0,NA
"1974",2021,2023,"nics","cash_values","fyear","outtrun",0,"outtrun",0,NA
"1975",2022,2023,"nics","cash_values","fyear","outtrun",0,"outtrun",0,NA
"1976",2013,2024,"nics","cash_values","fyear","outtrun",0,"planned",0,NA
"1977",2014,2024,"nics","cash_values","fyear","outtrun",0,"planned",0,NA
"1978",2015,2024,"nics","cash_values","fyear","outtrun",0,"planned",0,NA
"1979",2016,2024,"nics","cash_values","fyear","outtrun",0,"planned",0,NA
"1980",2017,2024,"nics","cash_values","fyear","outtrun",0,"planned",0,NA
"1981",2018,2024,"nics","cash_values","fyear","outtrun",0,"planned",0,NA
"1982",2019,2024,"nics","cash_values","fyear","outtrun",0,"planned",0,NA
"1983",2020,2024,"nics","cash_values","fyear","outtrun",0,"planned",0,NA
"1984",2021,2024,"nics","cash_values","fyear","outtrun",0,"planned",0,NA
"1985",2022,2024,"nics","cash_values","fyear","outtrun",0,"planned",0,NA
"1986",2023,2024,"nics","cash_values","fyear","outtrun",0,"planned",0,NA
"1987",2013,2025,"nics","cash_values","fyear","outtrun",0,"planned",1427,Inf
"1988",2014,2025,"nics","cash_values","fyear","outtrun",0,"planned",1427,Inf
"1989",2015,2025,"nics","cash_values","fyear","outtrun",0,"planned",1427,Inf
"1990",2016,2025,"nics","cash_values","fyear","outtrun",0,"planned",1427,Inf
"1991",2017,2025,"nics","cash_values","fyear","outtrun",0,"planned",1427,Inf
"1992",2018,2025,"nics","cash_values","fyear","outtrun",0,"planned",1427,Inf
"1993",2019,2025,"nics","cash_values","fyear","outtrun",0,"planned",1427,Inf
"1994",2020,2025,"nics","cash_values","fyear","outtrun",0,"planned",1427,Inf
"1995",2021,2025,"nics","cash_values","fyear","outtrun",0,"planned",1427,Inf
"1996",2022,2025,"nics","cash_values","fyear","outtrun",0,"planned",1427,Inf
"1997",2023,2025,"nics","cash_values","fyear","outtrun",0,"planned",1427,Inf
"1998",2024,2025,"nics","cash_values","fyear","planned",0,"planned",1427,Inf
"1999",2013,2026,"nics","cash_values","fyear","outtrun",0,"planned",1427,Inf
"2000",2014,2026,"nics","cash_values","fyear","outtrun",0,"planned",1427,Inf
"2001",2015,2026,"nics","cash_values","fyear","outtrun",0,"planned",1427,Inf
"2002",2016,2026,"nics","cash_values","fyear","outtrun",0,"planned",1427,Inf
"2003",2017,2026,"nics","cash_values","fyear","outtrun",0,"planned",1427,Inf
"2004",2018,2026,"nics","cash_values","fyear","outtrun",0,"planned",1427,Inf
"2005",2019,2026,"nics","cash_values","fyear","outtrun",0,"planned",1427,Inf
"2006",2020,2026,"nics","cash_values","fyear","outtrun",0,"planned",1427,Inf
"2007",2021,2026,"nics","cash_values","fyear","outtrun",0,"planned",1427,Inf
"2008",2022,2026,"nics","cash_values","fyear","outtrun",0,"planned",1427,Inf
"2009",2023,2026,"nics","cash_values","fyear","outtrun",0,"planned",1427,Inf
"2010",2024,2026,"nics","cash_values","fyear","planned",0,"planned",1427,Inf
"2011",2025,2026,"nics","cash_values","fyear","planned",1427,"planned",1427,0
"2012",2013,2027,"nics","cash_values","fyear","outtrun",0,"planned",1427,Inf
"2013",2014,2027,"nics","cash_values","fyear","outtrun",0,"planned",1427,Inf
"2014",2015,2027,"nics","cash_values","fyear","outtrun",0,"planned",1427,Inf
"2015",2016,2027,"nics","cash_values","fyear","outtrun",0,"planned",1427,Inf
"2016",2017,2027,"nics","cash_values","fyear","outtrun",0,"planned",1427,Inf
"2017",2018,2027,"nics","cash_values","fyear","outtrun",0,"planned",1427,Inf
"2018",2019,2027,"nics","cash_values","fyear","outtrun",0,"planned",1427,Inf
"2019",2020,2027,"nics","cash_values","fyear","outtrun",0,"planned",1427,Inf
"2020",2021,2027,"nics","cash_values","fyear","outtrun",0,"planned",1427,Inf
"2021",2022,2027,"nics","cash_values","fyear","outtrun",0,"planned",1427,Inf
"2022",2023,2027,"nics","cash_values","fyear","outtrun",0,"planned",1427,Inf
"2023",2024,2027,"nics","cash_values","fyear","planned",0,"planned",1427,Inf
"2024",2025,2027,"nics","cash_values","fyear","planned",1427,"planned",1427,0
"2025",2026,2027,"nics","cash_values","fyear","planned",1427,"planned",1427,0
"2026",2013,2028,"nics","cash_values","fyear","outtrun",0,"planned",1427,Inf
"2027",2014,2028,"nics","cash_values","fyear","outtrun",0,"planned",1427,Inf
"2028",2015,2028,"nics","cash_values","fyear","outtrun",0,"planned",1427,Inf
"2029",2016,2028,"nics","cash_values","fyear","outtrun",0,"planned",1427,Inf
"2030",2017,2028,"nics","cash_values","fyear","outtrun",0,"planned",1427,Inf
"2031",2018,2028,"nics","cash_values","fyear","outtrun",0,"planned",1427,Inf
"2032",2019,2028,"nics","cash_values","fyear","outtrun",0,"planned",1427,Inf
"2033",2020,2028,"nics","cash_values","fyear","outtrun",0,"planned",1427,Inf
"2034",2021,2028,"nics","cash_values","fyear","outtrun",0,"planned",1427,Inf
"2035",2022,2028,"nics","cash_values","fyear","outtrun",0,"planned",1427,Inf
"2036",2023,2028,"nics","cash_values","fyear","outtrun",0,"planned",1427,Inf
"2037",2024,2028,"nics","cash_values","fyear","planned",0,"planned",1427,Inf
"2038",2025,2028,"nics","cash_values","fyear","planned",1427,"planned",1427,0
"2039",2026,2028,"nics","cash_values","fyear","planned",1427,"planned",1427,0
"2040",2027,2028,"nics","cash_values","fyear","planned",1427,"planned",1427,0
"2041",2013,2014,"adjustments","cash_values","fyear","outtrun",0,"outtrun",0,NA
"2042",2013,2015,"adjustments","cash_values","fyear","outtrun",0,"outtrun",0,NA
"2043",2014,2015,"adjustments","cash_values","fyear","outtrun",0,"outtrun",0,NA
"2044",2013,2016,"adjustments","cash_values","fyear","outtrun",0,"outtrun",0,NA
"2045",2014,2016,"adjustments","cash_values","fyear","outtrun",0,"outtrun",0,NA
"2046",2015,2016,"adjustments","cash_values","fyear","outtrun",0,"outtrun",0,NA
"2047",2013,2017,"adjustments","cash_values","fyear","outtrun",0,"outtrun",0,NA
"2048",2014,2017,"adjustments","cash_values","fyear","outtrun",0,"outtrun",0,NA
"2049",2015,2017,"adjustments","cash_values","fyear","outtrun",0,"outtrun",0,NA
"2050",2016,2017,"adjustments","cash_values","fyear","outtrun",0,"outtrun",0,NA
"2051",2013,2018,"adjustments","cash_values","fyear","outtrun",0,"outtrun",0,NA
"2052",2014,2018,"adjustments","cash_values","fyear","outtrun",0,"outtrun",0,NA
"2053",2015,2018,"adjustments","cash_values","fyear","outtrun",0,"outtrun",0,NA
"2054",2016,2018,"adjustments","cash_values","fyear","outtrun",0,"outtrun",0,NA
"2055",2017,2018,"adjustments","cash_values","fyear","outtrun",0,"outtrun",0,NA
"2056",2013,2019,"adjustments","cash_values","fyear","outtrun",0,"outtrun",0,NA
"2057",2014,2019,"adjustments","cash_values","fyear","outtrun",0,"outtrun",0,NA
"2058",2015,2019,"adjustments","cash_values","fyear","outtrun",0,"outtrun",0,NA
"2059",2016,2019,"adjustments","cash_values","fyear","outtrun",0,"outtrun",0,NA
"2060",2017,2019,"adjustments","cash_values","fyear","outtrun",0,"outtrun",0,NA
"2061",2018,2019,"adjustments","cash_values","fyear","outtrun",0,"outtrun",0,NA
"2062",2013,2020,"adjustments","cash_values","fyear","outtrun",0,"outtrun",0,NA
"2063",2014,2020,"adjustments","cash_values","fyear","outtrun",0,"outtrun",0,NA
"2064",2015,2020,"adjustments","cash_values","fyear","outtrun",0,"outtrun",0,NA
"2065",2016,2020,"adjustments","cash_values","fyear","outtrun",0,"outtrun",0,NA
"2066",2017,2020,"adjustments","cash_values","fyear","outtrun",0,"outtrun",0,NA
"2067",2018,2020,"adjustments","cash_values","fyear","outtrun",0,"outtrun",0,NA
"2068",2019,2020,"adjustments","cash_values","fyear","outtrun",0,"outtrun",0,NA
"2069",2013,2021,"adjustments","cash_values","fyear","outtrun",0,"outtrun",0,NA
"2070",2014,2021,"adjustments","cash_values","fyear","outtrun",0,"outtrun",0,NA
"2071",2015,2021,"adjustments","cash_values","fyear","outtrun",0,"outtrun",0,NA
"2072",2016,2021,"adjustments","cash_values","fyear","outtrun",0,"outtrun",0,NA
"2073",2017,2021,"adjustments","cash_values","fyear","outtrun",0,"outtrun",0,NA
"2074",2018,2021,"adjustments","cash_values","fyear","outtrun",0,"outtrun",0,NA
"2075",2019,2021,"adjustments","cash_values","fyear","outtrun",0,"outtrun",0,NA
"2076",2020,2021,"adjustments","cash_values","fyear","outtrun",0,"outtrun",0,NA
"2077",2013,2022,"adjustments","cash_values","fyear","outtrun",0,"outtrun",0,NA
"2078",2014,2022,"adjustments","cash_values","fyear","outtrun",0,"outtrun",0,NA
"2079",2015,2022,"adjustments","cash_values","fyear","outtrun",0,"outtrun",0,NA
"2080",2016,2022,"adjustments","cash_values","fyear","outtrun",0,"outtrun",0,NA
"2081",2017,2022,"adjustments","cash_values","fyear","outtrun",0,"outtrun",0,NA
"2082",2018,2022,"adjustments","cash_values","fyear","outtrun",0,"outtrun",0,NA
"2083",2019,2022,"adjustments","cash_values","fyear","outtrun",0,"outtrun",0,NA
"2084",2020,2022,"adjustments","cash_values","fyear","outtrun",0,"outtrun",0,NA
"2085",2021,2022,"adjustments","cash_values","fyear","outtrun",0,"outtrun",0,NA
"2086",2013,2023,"adjustments","cash_values","fyear","outtrun",0,"outtrun",0,NA
"2087",2014,2023,"adjustments","cash_values","fyear","outtrun",0,"outtrun",0,NA
"2088",2015,2023,"adjustments","cash_values","fyear","outtrun",0,"outtrun",0,NA
"2089",2016,2023,"adjustments","cash_values","fyear","outtrun",0,"outtrun",0,NA
"2090",2017,2023,"adjustments","cash_values","fyear","outtrun",0,"outtrun",0,NA
"2091",2018,2023,"adjustments","cash_values","fyear","outtrun",0,"outtrun",0,NA
"2092",2019,2023,"adjustments","cash_values","fyear","outtrun",0,"outtrun",0,NA
"2093",2020,2023,"adjustments","cash_values","fyear","outtrun",0,"outtrun",0,NA
"2094",2021,2023,"adjustments","cash_values","fyear","outtrun",0,"outtrun",0,NA
"2095",2022,2023,"adjustments","cash_values","fyear","outtrun",0,"outtrun",0,NA
"2096",2013,2024,"adjustments","cash_values","fyear","outtrun",0,"planned",0,NA
"2097",2014,2024,"adjustments","cash_values","fyear","outtrun",0,"planned",0,NA
"2098",2015,2024,"adjustments","cash_values","fyear","outtrun",0,"planned",0,NA
"2099",2016,2024,"adjustments","cash_values","fyear","outtrun",0,"planned",0,NA
"2100",2017,2024,"adjustments","cash_values","fyear","outtrun",0,"planned",0,NA
"2101",2018,2024,"adjustments","cash_values","fyear","outtrun",0,"planned",0,NA
"2102",2019,2024,"adjustments","cash_values","fyear","outtrun",0,"planned",0,NA
"2103",2020,2024,"adjustments","cash_values","fyear","outtrun",0,"planned",0,NA
"2104",2021,2024,"adjustments","cash_values","fyear","outtrun",0,"planned",0,NA
"2105",2022,2024,"adjustments","cash_values","fyear","outtrun",0,"planned",0,NA
"2106",2023,2024,"adjustments","cash_values","fyear","outtrun",0,"planned",0,NA
"2107",2013,2025,"adjustments","cash_values","fyear","outtrun",0,"planned",-210,NA
"2108",2014,2025,"adjustments","cash_values","fyear","outtrun",0,"planned",-210,NA
"2109",2015,2025,"adjustments","cash_values","fyear","outtrun",0,"planned",-210,NA
"2110",2016,2025,"adjustments","cash_values","fyear","outtrun",0,"planned",-210,NA
"2111",2017,2025,"adjustments","cash_values","fyear","outtrun",0,"planned",-210,NA
"2112",2018,2025,"adjustments","cash_values","fyear","outtrun",0,"planned",-210,NA
"2113",2019,2025,"adjustments","cash_values","fyear","outtrun",0,"planned",-210,NA
"2114",2020,2025,"adjustments","cash_values","fyear","outtrun",0,"planned",-210,NA
"2115",2021,2025,"adjustments","cash_values","fyear","outtrun",0,"planned",-210,NA
"2116",2022,2025,"adjustments","cash_values","fyear","outtrun",0,"planned",-210,NA
"2117",2023,2025,"adjustments","cash_values","fyear","outtrun",0,"planned",-210,NA
"2118",2024,2025,"adjustments","cash_values","fyear","planned",0,"planned",-210,-Inf
"2119",2013,2026,"adjustments","cash_values","fyear","outtrun",0,"planned",-1210,NA
"2120",2014,2026,"adjustments","cash_values","fyear","outtrun",0,"planned",-1210,NA
"2121",2015,2026,"adjustments","cash_values","fyear","outtrun",0,"planned",-1210,NA
"2122",2016,2026,"adjustments","cash_values","fyear","outtrun",0,"planned",-1210,NA
"2123",2017,2026,"adjustments","cash_values","fyear","outtrun",0,"planned",-1210,NA
"2124",2018,2026,"adjustments","cash_values","fyear","outtrun",0,"planned",-1210,NA
"2125",2019,2026,"adjustments","cash_values","fyear","outtrun",0,"planned",-1210,NA
"2126",2020,2026,"adjustments","cash_values","fyear","outtrun",0,"planned",-1210,NA
"2127",2021,2026,"adjustments","cash_values","fyear","outtrun",0,"planned",-1210,NA
"2128",2022,2026,"adjustments","cash_values","fyear","outtrun",0,"planned",-1210,NA
"2129",2023,2026,"adjustments","cash_values","fyear","outtrun",0,"planned",-1210,NA
"2130",2024,2026,"adjustments","cash_values","fyear","planned",0,"planned",-1210,NA
"2131",2025,2026,"adjustments","cash_values","fyear","planned",-210,"planned",-1210,4.76190476190476
"2132",2013,2027,"adjustments","cash_values","fyear","outtrun",0,"planned",-1610,NA
"2133",2014,2027,"adjustments","cash_values","fyear","outtrun",0,"planned",-1610,NA
"2134",2015,2027,"adjustments","cash_values","fyear","outtrun",0,"planned",-1610,NA
"2135",2016,2027,"adjustments","cash_values","fyear","outtrun",0,"planned",-1610,NA
"2136",2017,2027,"adjustments","cash_values","fyear","outtrun",0,"planned",-1610,NA
"2137",2018,2027,"adjustments","cash_values","fyear","outtrun",0,"planned",-1610,NA
"2138",2019,2027,"adjustments","cash_values","fyear","outtrun",0,"planned",-1610,NA
"2139",2020,2027,"adjustments","cash_values","fyear","outtrun",0,"planned",-1610,NA
"2140",2021,2027,"adjustments","cash_values","fyear","outtrun",0,"planned",-1610,NA
"2141",2022,2027,"adjustments","cash_values","fyear","outtrun",0,"planned",-1610,NA
"2142",2023,2027,"adjustments","cash_values","fyear","outtrun",0,"planned",-1610,NA
"2143",2024,2027,"adjustments","cash_values","fyear","planned",0,"planned",-1610,NA
"2144",2025,2027,"adjustments","cash_values","fyear","planned",-210,"planned",-1610,1.76887462097269
"2145",2026,2027,"adjustments","cash_values","fyear","planned",-1210,"planned",-1610,0.330578512396694
"2146",2013,2028,"adjustments","cash_values","fyear","outtrun",0,"planned",-1610,NA
"2147",2014,2028,"adjustments","cash_values","fyear","outtrun",0,"planned",-1610,NA
"2148",2015,2028,"adjustments","cash_values","fyear","outtrun",0,"planned",-1610,NA
"2149",2016,2028,"adjustments","cash_values","fyear","outtrun",0,"planned",-1610,NA
"2150",2017,2028,"adjustments","cash_values","fyear","outtrun",0,"planned",-1610,NA
"2151",2018,2028,"adjustments","cash_values","fyear","outtrun",0,"planned",-1610,NA
"2152",2019,2028,"adjustments","cash_values","fyear","outtrun",0,"planned",-1610,NA
"2153",2020,2028,"adjustments","cash_values","fyear","outtrun",0,"planned",-1610,NA
"2154",2021,2028,"adjustments","cash_values","fyear","outtrun",0,"planned",-1610,NA
"2155",2022,2028,"adjustments","cash_values","fyear","outtrun",0,"planned",-1610,NA
"2156",2023,2028,"adjustments","cash_values","fyear","outtrun",0,"planned",-1610,NA
"2157",2024,2028,"adjustments","cash_values","fyear","planned",0,"planned",-1610,NA
"2158",2025,2028,"adjustments","cash_values","fyear","planned",-210,"planned",-1610,0.971827233233572
"2159",2026,2028,"adjustments","cash_values","fyear","planned",-1210,"planned",-1610,0.153507049131774
"2160",2027,2028,"adjustments","cash_values","fyear","planned",-1610,"planned",-1610,0
"2161",2013,2014,"other_rdel","cash_values","fyear","outtrun",10712,"outtrun",11275,0.0525578790141896
"2162",2013,2015,"other_rdel","cash_values","fyear","outtrun",10712,"outtrun",12020,0.0592950718711549
"2163",2014,2015,"other_rdel","cash_values","fyear","outtrun",11275,"outtrun",12020,0.0660753880266076
"2164",2013,2016,"other_rdel","cash_values","fyear","outtrun",10712,"outtrun",10293,-0.0132121286394111
"2165",2014,2016,"other_rdel","cash_values","fyear","outtrun",11275,"outtrun",10293,-0.0445395579516175
"2166",2015,2016,"other_rdel","cash_values","fyear","outtrun",12020,"outtrun",10293,-0.143677204658902
"2167",2013,2017,"other_rdel","cash_values","fyear","outtrun",10712,"outtrun",10313,-0.00944495680186197
"2168",2014,2017,"other_rdel","cash_values","fyear","outtrun",11275,"outtrun",10313,-0.0292900325627382
"2169",2015,2017,"other_rdel","cash_values","fyear","outtrun",12020,"outtrun",10313,-0.073724291124984
"2170",2016,2017,"other_rdel","cash_values","fyear","outtrun",10293,"outtrun",10313,0.00194306810453715
"2171",2013,2018,"other_rdel","cash_values","fyear","outtrun",10712,"outtrun",10028,-0.0131099911418465
"2172",2014,2018,"other_rdel","cash_values","fyear","outtrun",11275,"outtrun",10028,-0.0288765446329263
"2173",2015,2018,"other_rdel","cash_values","fyear","outtrun",12020,"outtrun",10028,-0.0586091939077907
"2174",2016,2018,"other_rdel","cash_values","fyear","outtrun",10293,"outtrun",10028,-0.0129567650731383
"2175",2017,2018,"other_rdel","cash_values","fyear","outtrun",10313,"outtrun",10028,-0.0276350237564239
"2176",2013,2019,"other_rdel","cash_values","fyear","outtrun",10712,"outtrun",4998,-0.119314293197585
"2177",2014,2019,"other_rdel","cash_values","fyear","outtrun",11275,"outtrun",4998,-0.150162403416203
"2178",2015,2019,"other_rdel","cash_values","fyear","outtrun",12020,"outtrun",4998,-0.196986316071382
"2179",2016,2019,"other_rdel","cash_values","fyear","outtrun",10293,"outtrun",4998,-0.214008059202574
"2180",2017,2019,"other_rdel","cash_values","fyear","outtrun",10313,"outtrun",4998,-0.30384552849845
"2181",2018,2019,"other_rdel","cash_values","fyear","outtrun",10028,"outtrun",4998,-0.501595532508975
"2182",2013,2020,"other_rdel","cash_values","fyear","outtrun",10712,"outtrun",31888,0.168636727523939
"2183",2014,2020,"other_rdel","cash_values","fyear","outtrun",11275,"outtrun",31888,0.189191478467289
"2184",2015,2020,"other_rdel","cash_values","fyear","outtrun",12020,"outtrun",31888,0.215470891674433
"2185",2016,2020,"other_rdel","cash_values","fyear","outtrun",10293,"outtrun",31888,0.326695717141728
"2186",2017,2020,"other_rdel","cash_values","fyear","outtrun",10313,"outtrun",31888,0.45684748266543
"2187",2018,2020,"other_rdel","cash_values","fyear","outtrun",10028,"outtrun",31888,0.783226371044046
"2188",2019,2020,"other_rdel","cash_values","fyear","outtrun",4998,"outtrun",31888,5.38015206082433
"2189",2013,2021,"other_rdel","cash_values","fyear","outtrun",10712,"outtrun",25838,0.116345281931232
"2190",2014,2021,"other_rdel","cash_values","fyear","outtrun",11275,"outtrun",25838,0.125768016929023
"2191",2015,2021,"other_rdel","cash_values","fyear","outtrun",12020,"outtrun",25838,0.136036811850421
"2192",2016,2021,"other_rdel","cash_values","fyear","outtrun",10293,"outtrun",25838,0.202107714466241
"2193",2017,2021,"other_rdel","cash_values","fyear","outtrun",10313,"outtrun",25838,0.258109579116889
"2194",2018,2021,"other_rdel","cash_values","fyear","outtrun",10028,"outtrun",25838,0.370928661643267
"2195",2019,2021,"other_rdel","cash_values","fyear","outtrun",4998,"outtrun",25838,1.27369036307648
"2196",2020,2021,"other_rdel","cash_values","fyear","outtrun",31888,"outtrun",25838,-0.189726542900151
"2197",2013,2022,"other_rdel","cash_values","fyear","outtrun",10712,"outtrun",11344,0.00638970108340642
"2198",2014,2022,"other_rdel","cash_values","fyear","outtrun",11275,"outtrun",11344,0.000762926430560418
"2199",2015,2022,"other_rdel","cash_values","fyear","outtrun",12020,"outtrun",11344,-0.00823490009508199
"2200",2016,2022,"other_rdel","cash_values","fyear","outtrun",10293,"outtrun",11344,0.0163361521745509
"2201",2017,2022,"other_rdel","cash_values","fyear","outtrun",10313,"outtrun",11344,0.0192394856485227
"2202",2018,2022,"other_rdel","cash_values","fyear","outtrun",10028,"outtrun",11344,0.0313070180549739
"2203",2019,2022,"other_rdel","cash_values","fyear","outtrun",4998,"outtrun",11344,0.31418545229485
"2204",2020,2022,"other_rdel","cash_values","fyear","outtrun",31888,"outtrun",11344,-0.40355628272437
"2205",2021,2022,"other_rdel","cash_values","fyear","outtrun",25838,"outtrun",11344,-0.560956730397089
"2206",2013,2023,"other_rdel","cash_values","fyear","outtrun",10712,"outtrun",7096,-0.0403468254801396
"2207",2014,2023,"other_rdel","cash_values","fyear","outtrun",11275,"outtrun",7096,-0.050149559487093
"2208",2015,2023,"other_rdel","cash_values","fyear","outtrun",12020,"outtrun",7096,-0.0637568733247227
"2209",2016,2023,"other_rdel","cash_values","fyear","outtrun",10293,"outtrun",7096,-0.0517463585294868
"2210",2017,2023,"other_rdel","cash_values","fyear","outtrun",10313,"outtrun",7096,-0.0604106226100491
"2211",2018,2023,"other_rdel","cash_values","fyear","outtrun",10028,"outtrun",7096,-0.0668319598943146
"2212",2019,2023,"other_rdel","cash_values","fyear","outtrun",4998,"outtrun",7096,0.0915769055868518
"2213",2020,2023,"other_rdel","cash_values","fyear","outtrun",31888,"outtrun",7096,-0.394014673046746
"2214",2021,2023,"other_rdel","cash_values","fyear","outtrun",25838,"outtrun",7096,-0.475944411710344
"2215",2022,2023,"other_rdel","cash_values","fyear","outtrun",11344,"outtrun",7096,-0.374471086036671
"2216",2013,2024,"other_rdel","cash_values","fyear","outtrun",10712,"planned",6400,-0.0457448953646389
"2217",2014,2024,"other_rdel","cash_values","fyear","outtrun",11275,"planned",6400,-0.0550554112985318
"2218",2015,2024,"other_rdel","cash_values","fyear","outtrun",12020,"planned",6400,-0.0676345595276534
"2219",2016,2024,"other_rdel","cash_values","fyear","outtrun",10293,"planned",6400,-0.0576662405582251
"2220",2017,2024,"other_rdel","cash_values","fyear","outtrun",10313,"planned",6400,-0.0658872940511889
"2221",2018,2024,"other_rdel","cash_values","fyear","outtrun",10028,"planned",6400,-0.0721147420785455
"2222",2019,2024,"other_rdel","cash_values","fyear","outtrun",4998,"planned",6400,0.0506951908289004
"2223",2020,2024,"other_rdel","cash_values","fyear","outtrun",31888,"planned",6400,-0.330673263876372
"2224",2021,2024,"other_rdel","cash_values","fyear","outtrun",25838,"planned",6400,-0.371979683584732
"2225",2022,2024,"other_rdel","cash_values","fyear","outtrun",11344,"planned",6400,-0.24888423381132
"2226",2023,2024,"other_rdel","cash_values","fyear","outtrun",7096,"planned",6400,-0.0980834272829764
"2227",2013,2025,"other_rdel","cash_values","fyear","outtrun",10712,"planned",7800,-0.0260903481578997
"2228",2014,2025,"other_rdel","cash_values","fyear","outtrun",11275,"planned",7800,-0.0329419371924476
"2229",2015,2025,"other_rdel","cash_values","fyear","outtrun",12020,"planned",7800,-0.0423230966553123
"2230",2016,2025,"other_rdel","cash_values","fyear","outtrun",10293,"planned",7800,-0.0303456304014009
"2231",2017,2025,"other_rdel","cash_values","fyear","outtrun",10313,"planned",7800,-0.034307856609217
"2232",2018,2025,"other_rdel","cash_values","fyear","outtrun",10028,"planned",7800,-0.0352573729565034
"2233",2019,2025,"other_rdel","cash_values","fyear","outtrun",4998,"planned",7800,0.0770017074479445
"2234",2020,2025,"other_rdel","cash_values","fyear","outtrun",31888,"planned",7800,-0.245440546966607
"2235",2021,2025,"other_rdel","cash_values","fyear","outtrun",25838,"planned",7800,-0.258759863778096
"2236",2022,2025,"other_rdel","cash_values","fyear","outtrun",11344,"planned",7800,-0.117375195547709
"2237",2023,2025,"other_rdel","cash_values","fyear","outtrun",7096,"planned",7800,0.0484325552933162
"2238",2024,2025,"other_rdel","cash_values","fyear","planned",6400,"planned",7800,0.21875
"2239",2013,2026,"other_rdel","cash_values","fyear","outtrun",10712,"planned",6500,-0.0376988959770128
"2240",2014,2026,"other_rdel","cash_values","fyear","outtrun",11275,"planned",6500,-0.0448613913070665
"2241",2015,2026,"other_rdel","cash_values","fyear","outtrun",12020,"planned",6500,-0.0543551084288578
"2242",2016,2026,"other_rdel","cash_values","fyear","outtrun",10293,"planned",6500,-0.0449257449683851
"2243",2017,2026,"other_rdel","cash_values","fyear","outtrun",10313,"planned",6500,-0.0499961376029446
"2244",2018,2026,"other_rdel","cash_values","fyear","outtrun",10028,"planned",6500,-0.0527548748588548
"2245",2019,2026,"other_rdel","cash_values","fyear","outtrun",4998,"planned",6500,0.0382512043392171
"2246",2020,2026,"other_rdel","cash_values","fyear","outtrun",31888,"planned",6500,-0.232848722569309
"2247",2021,2026,"other_rdel","cash_values","fyear","outtrun",25838,"planned",6500,-0.241193761884131
"2248",2022,2026,"other_rdel","cash_values","fyear","outtrun",11344,"planned",6500,-0.129964878164114
"2249",2023,2026,"other_rdel","cash_values","fyear","outtrun",7096,"planned",6500,-0.0288195831036349
"2250",2024,2026,"other_rdel","cash_values","fyear","planned",6400,"planned",6500,0.00778221853731864
"2251",2025,2026,"other_rdel","cash_values","fyear","planned",7800,"planned",6500,-0.166666666666667
"2252",2013,2027,"other_rdel","cash_values","fyear","outtrun",10712,"planned",5900,-0.0417062077530589
"2253",2014,2027,"other_rdel","cash_values","fyear","outtrun",11275,"planned",5900,-0.0485975482892194
"2254",2015,2027,"other_rdel","cash_values","fyear","outtrun",12020,"planned",5900,-0.0575775380349304
"2255",2016,2027,"other_rdel","cash_values","fyear","outtrun",10293,"planned",5900,-0.0493335108794852
"2256",2017,2027,"other_rdel","cash_values","fyear","outtrun",10313,"planned",5900,-0.0543145669603156
"2257",2018,2027,"other_rdel","cash_values","fyear","outtrun",10028,"planned",5900,-0.0572334015660251
"2258",2019,2027,"other_rdel","cash_values","fyear","outtrun",4998,"planned",5900,0.0209558688718392
"2259",2020,2027,"other_rdel","cash_values","fyear","outtrun",31888,"planned",5900,-0.214189516185463
"2260",2021,2027,"other_rdel","cash_values","fyear","outtrun",25838,"planned",5900,-0.218194263115794
"2261",2022,2027,"other_rdel","cash_values","fyear","outtrun",11344,"planned",5900,-0.1225605455283
"2262",2023,2027,"other_rdel","cash_values","fyear","outtrun",7096,"planned",5900,-0.0450962448463811
"2263",2024,2027,"other_rdel","cash_values","fyear","planned",6400,"planned",5900,-0.0267508960316849
"2264",2025,2027,"other_rdel","cash_values","fyear","planned",7800,"planned",5900,-0.130281507377096
"2265",2026,2027,"other_rdel","cash_values","fyear","planned",6500,"planned",5900,-0.0923076923076923
"2266",2013,2028,"other_rdel","cash_values","fyear","outtrun",10712,"planned",5100,-0.0482709898448668
"2267",2014,2028,"other_rdel","cash_values","fyear","outtrun",11275,"planned",5100,-0.0550919592007875
"2268",2015,2028,"other_rdel","cash_values","fyear","outtrun",12020,"planned",5100,-0.0638209877747996
"2269",2016,2028,"other_rdel","cash_values","fyear","outtrun",10293,"planned",5100,-0.0568393271386216
"2270",2017,2028,"other_rdel","cash_values","fyear","outtrun",10313,"planned",5100,-0.0620090444822823
"2271",2018,2028,"other_rdel","cash_values","fyear","outtrun",10028,"planned",5100,-0.0653788921391234
"2272",2019,2028,"other_rdel","cash_values","fyear","outtrun",4998,"planned",5100,0.00224726658436358
"2273",2020,2028,"other_rdel","cash_values","fyear","outtrun",31888,"planned",5100,-0.204769805148169
"2274",2021,2028,"other_rdel","cash_values","fyear","outtrun",25838,"planned",5100,-0.206895921592611
"2275",2022,2028,"other_rdel","cash_values","fyear","outtrun",11344,"planned",5100,-0.124746224043055
"2276",2023,2028,"other_rdel","cash_values","fyear","outtrun",7096,"planned",5100,-0.0639235617626138
"2277",2024,2028,"other_rdel","cash_values","fyear","planned",6400,"planned",5100,-0.0551833227721601
"2278",2025,2028,"other_rdel","cash_values","fyear","planned",7800,"planned",5100,-0.132055695169058
"2279",2026,2028,"other_rdel","cash_values","fyear","planned",6500,"planned",5100,-0.11421482027786
"2280",2027,2028,"other_rdel","cash_values","fyear","planned",5900,"planned",5100,-0.135593220338983
"2281",2013,2014,"dhsc_rdel_less_pensions","cash_values","fyear","outtrun",104408,"outtrun",108373,0.0379760171634358
"2282",2013,2015,"dhsc_rdel_less_pensions","cash_values","fyear","outtrun",104408,"outtrun",112592,0.0384530793924984
"2283",2014,2015,"dhsc_rdel_less_pensions","cash_values","fyear","outtrun",108373,"outtrun",112592,0.0389303608832459
"2284",2013,2016,"dhsc_rdel_less_pensions","cash_values","fyear","outtrun",104408,"outtrun",116028,0.0358010411180518
"2285",2014,2016,"dhsc_rdel_less_pensions","cash_values","fyear","outtrun",108373,"outtrun",116028,0.03471526273535
"2286",2015,2016,"dhsc_rdel_less_pensions","cash_values","fyear","outtrun",112592,"outtrun",116028,0.0305172658803468
"2287",2013,2017,"dhsc_rdel_less_pensions","cash_values","fyear","outtrun",104408,"outtrun",119918,0.0352319094828319
"2288",2014,2017,"dhsc_rdel_less_pensions","cash_values","fyear","outtrun",108373,"outtrun",119918,0.0343188200097242
"2289",2015,2017,"dhsc_rdel_less_pensions","cash_values","fyear","outtrun",112592,"outtrun",119918,0.032020731296232
"2290",2016,2017,"dhsc_rdel_less_pensions","cash_values","fyear","outtrun",116028,"outtrun",119918,0.0335263901816802
"2291",2013,2018,"dhsc_rdel_less_pensions","cash_values","fyear","outtrun",104408,"outtrun",122455,0.0324013153570564
"2292",2014,2018,"dhsc_rdel_less_pensions","cash_values","fyear","outtrun",108373,"outtrun",122455,0.0310123243714764
"2293",2015,2018,"dhsc_rdel_less_pensions","cash_values","fyear","outtrun",112592,"outtrun",122455,0.0283864118764288
"2294",2016,2018,"dhsc_rdel_less_pensions","cash_values","fyear","outtrun",116028,"outtrun",122455,0.027322637723336
"2295",2017,2018,"dhsc_rdel_less_pensions","cash_values","fyear","outtrun",119918,"outtrun",122455,0.0211561233509565
"2296",2013,2019,"dhsc_rdel_less_pensions","cash_values","fyear","outtrun",104408,"outtrun",128589,0.0353289080489441
"2297",2014,2019,"dhsc_rdel_less_pensions","cash_values","fyear","outtrun",108373,"outtrun",128589,0.034800296875702
"2298",2015,2019,"dhsc_rdel_less_pensions","cash_values","fyear","outtrun",112592,"outtrun",128589,0.0337703487808876
"2299",2016,2019,"dhsc_rdel_less_pensions","cash_values","fyear","outtrun",116028,"outtrun",128589,0.0348569901849056
"2300",2017,2019,"dhsc_rdel_less_pensions","cash_values","fyear","outtrun",119918,"outtrun",128589,0.0355229324475679
"2301",2018,2019,"dhsc_rdel_less_pensions","cash_values","fyear","outtrun",122455,"outtrun",128589,0.0500918704830347
"2302",2013,2020,"dhsc_rdel_less_pensions","cash_values","fyear","outtrun",104408,"outtrun",175055,0.0766212891114577
"2303",2014,2020,"dhsc_rdel_less_pensions","cash_values","fyear","outtrun",108373,"outtrun",175055,0.0832006301906572
"2304",2015,2020,"dhsc_rdel_less_pensions","cash_values","fyear","outtrun",112592,"outtrun",175055,0.0922785301149951
"2305",2016,2020,"dhsc_rdel_less_pensions","cash_values","fyear","outtrun",116028,"outtrun",175055,0.108288759061387
"2306",2017,2020,"dhsc_rdel_less_pensions","cash_values","fyear","outtrun",119918,"outtrun",175055,0.134392590124586
"2307",2018,2020,"dhsc_rdel_less_pensions","cash_values","fyear","outtrun",122455,"outtrun",175055,0.195636043009712
"2308",2019,2020,"dhsc_rdel_less_pensions","cash_values","fyear","outtrun",128589,"outtrun",175055,0.361352837334453
"2309",2013,2021,"dhsc_rdel_less_pensions","cash_values","fyear","outtrun",104408,"outtrun",175304,0.0669209822758989
"2310",2014,2021,"dhsc_rdel_less_pensions","cash_values","fyear","outtrun",108373,"outtrun",175304,0.0711213494826544
"2311",2015,2021,"dhsc_rdel_less_pensions","cash_values","fyear","outtrun",112592,"outtrun",175304,0.0765826635781177
"2312",2016,2021,"dhsc_rdel_less_pensions","cash_values","fyear","outtrun",116028,"outtrun",175304,0.0860399570305765
"2313",2017,2021,"dhsc_rdel_less_pensions","cash_values","fyear","outtrun",119918,"outtrun",175304,0.0995800766895187
"2314",2018,2021,"dhsc_rdel_less_pensions","cash_values","fyear","outtrun",122455,"outtrun",175304,0.127037675850023
"2315",2019,2021,"dhsc_rdel_less_pensions","cash_values","fyear","outtrun",128589,"outtrun",175304,0.167599777046703
"2316",2020,2021,"dhsc_rdel_less_pensions","cash_values","fyear","outtrun",175055,"outtrun",175304,0.00142241009968291
"2317",2013,2022,"dhsc_rdel_less_pensions","cash_values","fyear","outtrun",104408,"outtrun",169432,0.0552671203267898
"2318",2014,2022,"dhsc_rdel_less_pensions","cash_values","fyear","outtrun",108373,"outtrun",169432,0.0574486636381635
"2319",2015,2022,"dhsc_rdel_less_pensions","cash_values","fyear","outtrun",112592,"outtrun",169432,0.0601209444636797
"2320",2016,2022,"dhsc_rdel_less_pensions","cash_values","fyear","outtrun",116028,"outtrun",169432,0.0651369198983234
"2321",2017,2022,"dhsc_rdel_less_pensions","cash_values","fyear","outtrun",119918,"outtrun",169432,0.0715741098295848
"2322",2018,2022,"dhsc_rdel_less_pensions","cash_values","fyear","outtrun",122455,"outtrun",169432,0.0845628609840441
"2323",2019,2022,"dhsc_rdel_less_pensions","cash_values","fyear","outtrun",128589,"outtrun",169432,0.0963028407700806
"2324",2020,2022,"dhsc_rdel_less_pensions","cash_values","fyear","outtrun",175055,"outtrun",169432,-0.016191753081552
"2325",2021,2022,"dhsc_rdel_less_pensions","cash_values","fyear","outtrun",175304,"outtrun",169432,-0.0334960982065441
"2326",2013,2023,"dhsc_rdel_less_pensions","cash_values","fyear","outtrun",104408,"outtrun",175244,0.0531517120195677
"2327",2014,2023,"dhsc_rdel_less_pensions","cash_values","fyear","outtrun",108373,"outtrun",175244,0.0548515374463976
"2328",2015,2023,"dhsc_rdel_less_pensions","cash_values","fyear","outtrun",112592,"outtrun",175244,0.0568587636096174
"2329",2016,2023,"dhsc_rdel_less_pensions","cash_values","fyear","outtrun",116028,"outtrun",175244,0.0606764034044098
"2330",2017,2023,"dhsc_rdel_less_pensions","cash_values","fyear","outtrun",119918,"outtrun",175244,0.0652702456710641
"2331",2018,2023,"dhsc_rdel_less_pensions","cash_values","fyear","outtrun",122455,"outtrun",175244,0.074319174173227
"2332",2019,2023,"dhsc_rdel_less_pensions","cash_values","fyear","outtrun",128589,"outtrun",175244,0.0804628392908107
"2333",2020,2023,"dhsc_rdel_less_pensions","cash_values","fyear","outtrun",175055,"outtrun",175244,0.000359757451746212
"2334",2021,2023,"dhsc_rdel_less_pensions","cash_values","fyear","outtrun",175304,"outtrun",175244,-0.000171145937393091
"2335",2022,2023,"dhsc_rdel_less_pensions","cash_values","fyear","outtrun",169432,"outtrun",175244,0.0343028471599225
"2336",2013,2024,"dhsc_rdel_less_pensions","cash_values","fyear","outtrun",104408,"planned",190349,0.0561135635789991
"2337",2014,2024,"dhsc_rdel_less_pensions","cash_values","fyear","outtrun",108373,"planned",190349,0.0579446589997579
"2338",2015,2024,"dhsc_rdel_less_pensions","cash_values","fyear","outtrun",112592,"planned",190349,0.060078724529224
"2339",2016,2024,"dhsc_rdel_less_pensions","cash_values","fyear","outtrun",116028,"planned",190349,0.0638330396725471
"2340",2017,2024,"dhsc_rdel_less_pensions","cash_values","fyear","outtrun",119918,"planned",190349,0.068234508147899
"2341",2018,2024,"dhsc_rdel_less_pensions","cash_values","fyear","outtrun",122455,"planned",190349,0.0762892754500737
"2342",2019,2024,"dhsc_rdel_less_pensions","cash_values","fyear","outtrun",128589,"planned",190349,0.0816066683449699
"2343",2020,2024,"dhsc_rdel_less_pensions","cash_values","fyear","outtrun",175055,"planned",190349,0.0211605297318049
"2344",2021,2024,"dhsc_rdel_less_pensions","cash_values","fyear","outtrun",175304,"planned",190349,0.027825980684425
"2345",2022,2024,"dhsc_rdel_less_pensions","cash_values","fyear","outtrun",169432,"planned",190349,0.0599309679994786
"2346",2023,2024,"dhsc_rdel_less_pensions","cash_values","fyear","outtrun",175244,"planned",190349,0.086194106502933
"2347",2013,2025,"dhsc_rdel_less_pensions","cash_values","fyear","outtrun",104408,"planned",197367,0.0544963081726617
"2348",2014,2025,"dhsc_rdel_less_pensions","cash_values","fyear","outtrun",108373,"planned",197367,0.0560111284897582
"2349",2015,2025,"dhsc_rdel_less_pensions","cash_values","fyear","outtrun",112592,"planned",197367,0.0577345747715474
"2350",2016,2025,"dhsc_rdel_less_pensions","cash_values","fyear","outtrun",116028,"planned",197367,0.0608027503559363
"2351",2017,2025,"dhsc_rdel_less_pensions","cash_values","fyear","outtrun",119918,"planned",197367,0.0642625260425265
"2352",2018,2025,"dhsc_rdel_less_pensions","cash_values","fyear","outtrun",122455,"planned",197367,0.0705673703489
"2353",2019,2025,"dhsc_rdel_less_pensions","cash_values","fyear","outtrun",128589,"planned",197367,0.0740185609665276
"2354",2020,2025,"dhsc_rdel_less_pensions","cash_values","fyear","outtrun",175055,"planned",197367,0.0242830924721726
"2355",2021,2025,"dhsc_rdel_less_pensions","cash_values","fyear","outtrun",175304,"planned",197367,0.0300793442424654
"2356",2022,2025,"dhsc_rdel_less_pensions","cash_values","fyear","outtrun",169432,"planned",197367,0.0521872482701422
"2357",2023,2025,"dhsc_rdel_less_pensions","cash_values","fyear","outtrun",175244,"planned",197367,0.061245083219559
"2358",2024,2025,"dhsc_rdel_less_pensions","cash_values","fyear","planned",190349,"planned",197367,0.036869119354449
"2359",2013,2026,"dhsc_rdel_less_pensions","cash_values","fyear","outtrun",104408,"planned",206367,0.0538093230851355
"2360",2014,2026,"dhsc_rdel_less_pensions","cash_values","fyear","outtrun",108373,"planned",206367,0.0551396168140714
"2361",2015,2026,"dhsc_rdel_less_pensions","cash_values","fyear","outtrun",112592,"planned",206367,0.0566256669172256
"2362",2016,2026,"dhsc_rdel_less_pensions","cash_values","fyear","outtrun",116028,"planned",206367,0.0592726142299154
"2363",2017,2026,"dhsc_rdel_less_pensions","cash_values","fyear","outtrun",119918,"planned",206367,0.062172607416465
"2364",2018,2026,"dhsc_rdel_less_pensions","cash_values","fyear","outtrun",122455,"planned",206367,0.0674141754602573
"2365",2019,2026,"dhsc_rdel_less_pensions","cash_values","fyear","outtrun",128589,"planned",206367,0.0699120077643429
"2366",2020,2026,"dhsc_rdel_less_pensions","cash_values","fyear","outtrun",175055,"planned",206367,0.0278055421501986
"2367",2021,2026,"dhsc_rdel_less_pensions","cash_values","fyear","outtrun",175304,"planned",206367,0.0331649991270886
"2368",2022,2026,"dhsc_rdel_less_pensions","cash_values","fyear","outtrun",169432,"planned",206367,0.0505366382726091
"2369",2023,2026,"dhsc_rdel_less_pensions","cash_values","fyear","outtrun",175244,"planned",206367,0.0560043270489317
"2370",2024,2026,"dhsc_rdel_less_pensions","cash_values","fyear","planned",190349,"planned",206367,0.0412255719220174
"2371",2025,2026,"dhsc_rdel_less_pensions","cash_values","fyear","planned",197367,"planned",206367,0.0456003283223638
"2372",2013,2027,"dhsc_rdel_less_pensions","cash_values","fyear","outtrun",104408,"planned",216667,0.0535303978376207
"2373",2014,2027,"dhsc_rdel_less_pensions","cash_values","fyear","outtrun",108373,"planned",216667,0.0547364989539245
"2374",2015,2027,"dhsc_rdel_less_pensions","cash_values","fyear","outtrun",112592,"planned",216667,0.0560644816849198
"2375",2016,2027,"dhsc_rdel_less_pensions","cash_values","fyear","outtrun",116028,"planned",216667,0.058418127601789
"2376",2017,2027,"dhsc_rdel_less_pensions","cash_values","fyear","outtrun",119918,"planned",216667,0.0609400382707619
"2377",2018,2027,"dhsc_rdel_less_pensions","cash_values","fyear","outtrun",122455,"planned",216667,0.0654550657480757
"2378",2019,2027,"dhsc_rdel_less_pensions","cash_values","fyear","outtrun",128589,"planned",216667,0.0673912022242691
"2379",2020,2027,"dhsc_rdel_less_pensions","cash_values","fyear","outtrun",175055,"planned",216667,0.0309347496592089
"2380",2021,2027,"dhsc_rdel_less_pensions","cash_values","fyear","outtrun",175304,"planned",216667,0.0359373480618128
"2381",2022,2027,"dhsc_rdel_less_pensions","cash_values","fyear","outtrun",169432,"planned",216667,0.0504114969565397
"2382",2023,2027,"dhsc_rdel_less_pensions","cash_values","fyear","outtrun",175244,"planned",216667,0.0544777082140047
"2383",2024,2027,"dhsc_rdel_less_pensions","cash_values","fyear","planned",190349,"planned",216667,0.0441127284939078
"2384",2025,2027,"dhsc_rdel_less_pensions","cash_values","fyear","planned",197367,"planned",216667,0.0477534875798487
"2385",2026,2027,"dhsc_rdel_less_pensions","cash_values","fyear","planned",206367,"planned",216667,0.0499110807444989
"2386",2013,2028,"dhsc_rdel_less_pensions","cash_values","fyear","outtrun",104408,"planned",226567,0.0530060308134792
"2387",2014,2028,"dhsc_rdel_less_pensions","cash_values","fyear","outtrun",108373,"planned",226567,0.0540878940717016
"2388",2015,2028,"dhsc_rdel_less_pensions","cash_values","fyear","outtrun",112592,"planned",226567,0.0552629770451103
"2389",2016,2028,"dhsc_rdel_less_pensions","cash_values","fyear","outtrun",116028,"planned",226567,0.0573517473393736
"2390",2017,2028,"dhsc_rdel_less_pensions","cash_values","fyear","outtrun",119918,"planned",226567,0.05954473544836
"2391",2018,2028,"dhsc_rdel_less_pensions","cash_values","fyear","outtrun",122455,"planned",226567,0.0634620905996932
"2392",2019,2028,"dhsc_rdel_less_pensions","cash_values","fyear","outtrun",128589,"planned",226567,0.0649581395623822
"2393",2020,2028,"dhsc_rdel_less_pensions","cash_values","fyear","outtrun",175055,"planned",226567,0.0327679852787082
"2394",2021,2028,"dhsc_rdel_less_pensions","cash_values","fyear","outtrun",175304,"planned",226567,0.0373253123608921
"2395",2022,2028,"dhsc_rdel_less_pensions","cash_values","fyear","outtrun",169432,"planned",226567,0.0496234772411688
"2396",2023,2028,"dhsc_rdel_less_pensions","cash_values","fyear","outtrun",175244,"planned",226567,0.0527147288542311
"2397",2024,2028,"dhsc_rdel_less_pensions","cash_values","fyear","planned",190349,"planned",226567,0.0445073819067152
"2398",2025,2028,"dhsc_rdel_less_pensions","cash_values","fyear","planned",197367,"planned",226567,0.0470659531249003
"2399",2026,2028,"dhsc_rdel_less_pensions","cash_values","fyear","planned",206367,"planned",226567,0.0477995357372292
"2400",2027,2028,"dhsc_rdel_less_pensions","cash_values","fyear","planned",216667,"planned",226567,0.0456922373965578
"2401",2013,2014,"nhse_rdel_less_pensions","cash_values","fyear","outtrun",93696,"outtrun",97098,0.0363089139344261
"2402",2013,2015,"nhse_rdel_less_pensions","cash_values","fyear","outtrun",93696,"outtrun",100572,0.0360435659236553
"2403",2014,2015,"nhse_rdel_less_pensions","cash_values","fyear","outtrun",97098,"outtrun",100572,0.0357782858555273
"2404",2013,2016,"nhse_rdel_less_pensions","cash_values","fyear","outtrun",93696,"outtrun",105735,0.0411162848398532
"2405",2014,2016,"nhse_rdel_less_pensions","cash_values","fyear","outtrun",97098,"outtrun",105735,0.0435283267454996
"2406",2015,2016,"nhse_rdel_less_pensions","cash_values","fyear","outtrun",100572,"outtrun",105735,0.0513363560434317
"2407",2013,2017,"nhse_rdel_less_pensions","cash_values","fyear","outtrun",93696,"outtrun",109605,0.0399856071234319
"2408",2014,2017,"nhse_rdel_less_pensions","cash_values","fyear","outtrun",97098,"outtrun",109605,0.0412140680028694
"2409",2015,2017,"nhse_rdel_less_pensions","cash_values","fyear","outtrun",100572,"outtrun",109605,0.0439426473921007
"2410",2016,2017,"nhse_rdel_less_pensions","cash_values","fyear","outtrun",105735,"outtrun",109605,0.0366009363030217
"2411",2013,2018,"nhse_rdel_less_pensions","cash_values","fyear","outtrun",93696,"outtrun",112427,0.0371221610247308
"2412",2014,2018,"nhse_rdel_less_pensions","cash_values","fyear","outtrun",97098,"outtrun",112427,0.0373255724962709
"2413",2015,2018,"nhse_rdel_less_pensions","cash_values","fyear","outtrun",100572,"outtrun",112427,0.0378418481834659
"2414",2016,2018,"nhse_rdel_less_pensions","cash_values","fyear","outtrun",105735,"outtrun",112427,0.0311596875483253
"2415",2017,2018,"nhse_rdel_less_pensions","cash_values","fyear","outtrun",109605,"outtrun",112427,0.0257470005930387
"2416",2013,2019,"nhse_rdel_less_pensions","cash_values","fyear","outtrun",93696,"outtrun",123591,0.0472353635389784
"2417",2014,2019,"nhse_rdel_less_pensions","cash_values","fyear","outtrun",97098,"outtrun",123591,0.0494344392964603
"2418",2015,2019,"nhse_rdel_less_pensions","cash_values","fyear","outtrun",100572,"outtrun",123591,0.0528765180678814
"2419",2016,2019,"nhse_rdel_less_pensions","cash_values","fyear","outtrun",105735,"outtrun",123591,0.0533904066396516
"2420",2017,2019,"nhse_rdel_less_pensions","cash_values","fyear","outtrun",109605,"outtrun",123591,0.0618868431786359
"2421",2018,2019,"nhse_rdel_less_pensions","cash_values","fyear","outtrun",112427,"outtrun",123591,0.0992999902158733
"2422",2013,2020,"nhse_rdel_less_pensions","cash_values","fyear","outtrun",93696,"outtrun",143167,0.0624368483079349
"2423",2014,2020,"nhse_rdel_less_pensions","cash_values","fyear","outtrun",97098,"outtrun",143167,0.0668551057903979
"2424",2015,2020,"nhse_rdel_less_pensions","cash_values","fyear","outtrun",100572,"outtrun",143167,0.073181475502448
"2425",2016,2020,"nhse_rdel_less_pensions","cash_values","fyear","outtrun",105735,"outtrun",143167,0.0787133132765423
"2426",2017,2020,"nhse_rdel_less_pensions","cash_values","fyear","outtrun",109605,"outtrun",143167,0.093127582240758
"2427",2018,2020,"nhse_rdel_less_pensions","cash_values","fyear","outtrun",112427,"outtrun",143167,0.128459952703031
"2428",2019,2020,"nhse_rdel_less_pensions","cash_values","fyear","outtrun",123591,"outtrun",143167,0.15839341052342
"2429",2013,2021,"nhse_rdel_less_pensions","cash_values","fyear","outtrun",93696,"outtrun",149466,0.0601142447843019
"2430",2014,2021,"nhse_rdel_less_pensions","cash_values","fyear","outtrun",97098,"outtrun",149466,0.0635593563277048
"2431",2015,2021,"nhse_rdel_less_pensions","cash_values","fyear","outtrun",100572,"outtrun",149466,0.0682614445903018
"2432",2016,2021,"nhse_rdel_less_pensions","cash_values","fyear","outtrun",105735,"outtrun",149466,0.0716790194570127
"2433",2017,2021,"nhse_rdel_less_pensions","cash_values","fyear","outtrun",109605,"outtrun",149466,0.0806324667349041
"2434",2018,2021,"nhse_rdel_less_pensions","cash_values","fyear","outtrun",112427,"outtrun",149466,0.099572652611349
"2435",2019,2021,"nhse_rdel_less_pensions","cash_values","fyear","outtrun",123591,"outtrun",149466,0.0997090091689894
"2436",2020,2021,"nhse_rdel_less_pensions","cash_values","fyear","outtrun",143167,"outtrun",149466,0.0439975692722485
"2437",2013,2022,"nhse_rdel_less_pensions","cash_values","fyear","outtrun",93696,"outtrun",158088,0.0598440934745552
"2438",2014,2022,"nhse_rdel_less_pensions","cash_values","fyear","outtrun",97098,"outtrun",158088,0.062823326459595
"2439",2015,2022,"nhse_rdel_less_pensions","cash_values","fyear","outtrun",100572,"outtrun",158088,0.0667441251953262
"2440",2016,2022,"nhse_rdel_less_pensions","cash_values","fyear","outtrun",105735,"outtrun",158088,0.0693339514252171
"2441",2017,2022,"nhse_rdel_less_pensions","cash_values","fyear","outtrun",109605,"outtrun",158088,0.0760035588537731
"2442",2018,2022,"nhse_rdel_less_pensions","cash_values","fyear","outtrun",112427,"outtrun",158088,0.0889478223778193
"2443",2019,2022,"nhse_rdel_less_pensions","cash_values","fyear","outtrun",123591,"outtrun",158088,0.0855188090409804
"2444",2020,2022,"nhse_rdel_less_pensions","cash_values","fyear","outtrun",143167,"outtrun",158088,0.0508191779610763
"2445",2021,2022,"nhse_rdel_less_pensions","cash_values","fyear","outtrun",149466,"outtrun",158088,0.0576853598811771
"2446",2013,2023,"nhse_rdel_less_pensions","cash_values","fyear","outtrun",93696,"outtrun",168148,0.0602226195403261
"2447",2014,2023,"nhse_rdel_less_pensions","cash_values","fyear","outtrun",97098,"outtrun",168148,0.0629135310622397
"2448",2015,2023,"nhse_rdel_less_pensions","cash_values","fyear","outtrun",100572,"outtrun",168148,0.0663550436577403
"2449",2016,2023,"nhse_rdel_less_pensions","cash_values","fyear","outtrun",105735,"outtrun",168148,0.0685180134804602
"2450",2017,2023,"nhse_rdel_less_pensions","cash_values","fyear","outtrun",109605,"outtrun",168148,0.0739322638001521
"2451",2018,2023,"nhse_rdel_less_pensions","cash_values","fyear","outtrun",112427,"outtrun",168148,0.0838376087483363
"2452",2019,2023,"nhse_rdel_less_pensions","cash_values","fyear","outtrun",123591,"outtrun",168148,0.0800061162167438
"2453",2020,2023,"nhse_rdel_less_pensions","cash_values","fyear","outtrun",143167,"outtrun",168148,0.0550740151179372
"2454",2021,2023,"nhse_rdel_less_pensions","cash_values","fyear","outtrun",149466,"outtrun",168148,0.0606562293665225
"2455",2022,2023,"nhse_rdel_less_pensions","cash_values","fyear","outtrun",158088,"outtrun",168148,0.0636354435504276
"2456",2013,2024,"nhse_rdel_less_pensions","cash_values","fyear","outtrun",93696,"planned",183949,0.0632471234012855
"2457",2014,2024,"nhse_rdel_less_pensions","cash_values","fyear","outtrun",97098,"planned",183949,0.0659791609778808
"2458",2015,2024,"nhse_rdel_less_pensions","cash_values","fyear","outtrun",100572,"planned",183949,0.0693887077396997
"2459",2016,2024,"nhse_rdel_less_pensions","cash_values","fyear","outtrun",105735,"planned",183949,0.0716669384963471
"2460",2017,2024,"nhse_rdel_less_pensions","cash_values","fyear","outtrun",109605,"planned",183949,0.0767722792186354
"2461",2018,2024,"nhse_rdel_less_pensions","cash_values","fyear","outtrun",112427,"planned",183949,0.0855199301660976
"2462",2019,2024,"nhse_rdel_less_pensions","cash_values","fyear","outtrun",123591,"planned",183949,0.0827847163095667
"2463",2020,2024,"nhse_rdel_less_pensions","cash_values","fyear","outtrun",143167,"planned",183949,0.0646665920694982
"2464",2021,2024,"nhse_rdel_less_pensions","cash_values","fyear","outtrun",149466,"planned",183949,0.071646803864543
"2465",2022,2024,"nhse_rdel_less_pensions","cash_values","fyear","outtrun",158088,"planned",183949,0.078696483697851
"2466",2023,2024,"nhse_rdel_less_pensions","cash_values","fyear","outtrun",168148,"planned",183949,0.0939707876394604
"2467",2013,2025,"nhse_rdel_less_pensions","cash_values","fyear","outtrun",93696,"planned",189567,0.0604824210210348
"2468",2014,2025,"nhse_rdel_less_pensions","cash_values","fyear","outtrun",97098,"planned",189567,0.0627077783079908
"2469",2015,2025,"nhse_rdel_less_pensions","cash_values","fyear","outtrun",100572,"planned",189567,0.0654389389643029
"2470",2016,2025,"nhse_rdel_less_pensions","cash_values","fyear","outtrun",105735,"planned",189567,0.0670175237538941
"2471",2017,2025,"nhse_rdel_less_pensions","cash_values","fyear","outtrun",109605,"planned",189567,0.0708818214568687
"2472",2018,2025,"nhse_rdel_less_pensions","cash_values","fyear","outtrun",112427,"planned",189567,0.0774897793349481
"2473",2019,2025,"nhse_rdel_less_pensions","cash_values","fyear","outtrun",123591,"planned",189567,0.0738970478366359
"2474",2020,2025,"nhse_rdel_less_pensions","cash_values","fyear","outtrun",143167,"planned",189567,0.0577522614522525
"2475",2021,2025,"nhse_rdel_less_pensions","cash_values","fyear","outtrun",149466,"planned",189567,0.0612191571402285
"2476",2022,2025,"nhse_rdel_less_pensions","cash_values","fyear","outtrun",158088,"planned",189567,0.0623997113150938
"2477",2023,2025,"nhse_rdel_less_pensions","cash_values","fyear","outtrun",168148,"planned",189567,0.0617823836796132
"2478",2024,2025,"nhse_rdel_less_pensions","cash_values","fyear","planned",183949,"planned",189567,0.0305410738846092
"2479",2013,2026,"nhse_rdel_less_pensions","cash_values","fyear","outtrun",93696,"planned",199867,0.0600082224377831
"2480",2014,2026,"nhse_rdel_less_pensions","cash_values","fyear","outtrun",97098,"planned",199867,0.0620074600219871
"2481",2015,2026,"nhse_rdel_less_pensions","cash_values","fyear","outtrun",100572,"planned",199867,0.0644246164793396
"2482",2016,2026,"nhse_rdel_less_pensions","cash_values","fyear","outtrun",105735,"planned",199867,0.0657423708358622
"2483",2017,2026,"nhse_rdel_less_pensions","cash_values","fyear","outtrun",109605,"planned",199867,0.0690304625439997
"2484",2018,2026,"nhse_rdel_less_pensions","cash_values","fyear","outtrun",112427,"planned",199867,0.074567766338673
"2485",2019,2026,"nhse_rdel_less_pensions","cash_values","fyear","outtrun",123591,"planned",199867,0.0710803093815473
"2486",2020,2026,"nhse_rdel_less_pensions","cash_values","fyear","outtrun",143167,"planned",199867,0.0571818413023937
"2487",2021,2026,"nhse_rdel_less_pensions","cash_values","fyear","outtrun",149466,"planned",199867,0.059838608737832
"2488",2022,2026,"nhse_rdel_less_pensions","cash_values","fyear","outtrun",158088,"planned",199867,0.0603776055428431
"2489",2023,2026,"nhse_rdel_less_pensions","cash_values","fyear","outtrun",168148,"planned",199867,0.0592938785006369
"2490",2024,2026,"nhse_rdel_less_pensions","cash_values","fyear","planned",183949,"planned",199867,0.042369826294645
"2491",2025,2026,"nhse_rdel_less_pensions","cash_values","fyear","planned",189567,"planned",199867,0.0543343514430255
"2492",2013,2027,"nhse_rdel_less_pensions","cash_values","fyear","outtrun",93696,"planned",210767,0.0596164285595713
"2493",2014,2027,"nhse_rdel_less_pensions","cash_values","fyear","outtrun",97098,"planned",210767,0.0614308783557387
"2494",2015,2027,"nhse_rdel_less_pensions","cash_values","fyear","outtrun",100572,"planned",210767,0.0635970577653919
"2495",2016,2027,"nhse_rdel_less_pensions","cash_values","fyear","outtrun",105735,"planned",210767,0.0647187322358644
"2496",2017,2027,"nhse_rdel_less_pensions","cash_values","fyear","outtrun",109605,"planned",210767,0.0675721230357589
"2497",2018,2027,"nhse_rdel_less_pensions","cash_values","fyear","outtrun",112427,"planned",210767,0.0723233844480962
"2498",2019,2027,"nhse_rdel_less_pensions","cash_values","fyear","outtrun",123591,"planned",210767,0.0689981926888297
"2499",2020,2027,"nhse_rdel_less_pensions","cash_values","fyear","outtrun",143167,"planned",210767,0.056803496096282
"2500",2021,2027,"nhse_rdel_less_pensions","cash_values","fyear","outtrun",149466,"planned",210767,0.0589530372137033
"2501",2022,2027,"nhse_rdel_less_pensions","cash_values","fyear","outtrun",158088,"planned",210767,0.0592067549452799
"2502",2023,2027,"nhse_rdel_less_pensions","cash_values","fyear","outtrun",168148,"planned",210767,0.0581024670258876
"2503",2024,2027,"nhse_rdel_less_pensions","cash_values","fyear","planned",183949,"planned",210767,0.0464096295348728
"2504",2025,2027,"nhse_rdel_less_pensions","cash_values","fyear","planned",189567,"planned",210767,0.0544353041970385
"2505",2026,2027,"nhse_rdel_less_pensions","cash_values","fyear","planned",199867,"planned",210767,0.0545362666173006
"2506",2013,2028,"nhse_rdel_less_pensions","cash_values","fyear","outtrun",93696,"planned",221467,0.059024152252974
"2507",2014,2028,"nhse_rdel_less_pensions","cash_values","fyear","outtrun",97098,"planned",221467,0.0606655937998226
"2508",2015,2028,"nhse_rdel_less_pensions","cash_values","fyear","outtrun",100572,"planned",221467,0.0626045896107421
"2509",2016,2028,"nhse_rdel_less_pensions","cash_values","fyear","outtrun",105735,"planned",221467,0.0635490428730616
"2510",2017,2028,"nhse_rdel_less_pensions","cash_values","fyear","outtrun",109605,"planned",221467,0.066033338905336
"2511",2018,2028,"nhse_rdel_less_pensions","cash_values","fyear","outtrun",112427,"planned",221467,0.0701479898756692
"2512",2019,2028,"nhse_rdel_less_pensions","cash_values","fyear","outtrun",123591,"planned",221467,0.0669569790090914
"2513",2020,2028,"nhse_rdel_less_pensions","cash_values","fyear","outtrun",143167,"planned",221467,0.0560470367227075
"2514",2021,2028,"nhse_rdel_less_pensions","cash_values","fyear","outtrun",149466,"planned",221467,0.05777970470328
"2515",2022,2028,"nhse_rdel_less_pensions","cash_values","fyear","outtrun",158088,"planned",221467,0.05779542965845
"2516",2023,2028,"nhse_rdel_less_pensions","cash_values","fyear","outtrun",168148,"planned",221467,0.0566312803607936
"2517",2024,2028,"nhse_rdel_less_pensions","cash_values","fyear","planned",183949,"planned",221467,0.0474972654143468
"2518",2025,2028,"nhse_rdel_less_pensions","cash_values","fyear","planned",189567,"planned",221467,0.0532111022707578
"2519",2026,2028,"nhse_rdel_less_pensions","cash_values","fyear","planned",199867,"planned",221467,0.0526499265150222
"2520",2027,2028,"nhse_rdel_less_pensions","cash_values","fyear","planned",210767,"planned",221467,0.0507669606722114
"2521",2013,2014,"dhsc_tdel_less_pensions","cash_values","fyear","outtrun",109775,"outtrun",113345,0.0325210658164428
"2522",2013,2015,"dhsc_tdel_less_pensions","cash_values","fyear","outtrun",109775,"outtrun",117245,0.0334642134945462
"2523",2014,2015,"dhsc_tdel_less_pensions","cash_values","fyear","outtrun",113345,"outtrun",117245,0.0344082226829592
"2524",2013,2016,"dhsc_tdel_less_pensions","cash_values","fyear","outtrun",109775,"outtrun",120584,0.0317997384646003
"2525",2014,2016,"dhsc_tdel_less_pensions","cash_values","fyear","outtrun",113345,"outtrun",120584,0.0314392637825518
"2526",2015,2016,"dhsc_tdel_less_pensions","cash_values","fyear","outtrun",117245,"outtrun",120584,0.0284788263891851
"2527",2013,2017,"dhsc_tdel_less_pensions","cash_values","fyear","outtrun",109775,"outtrun",125156,0.0333252866579474
"2528",2014,2017,"dhsc_tdel_less_pensions","cash_values","fyear","outtrun",113345,"outtrun",125156,0.0335934994476892
"2529",2015,2017,"dhsc_tdel_less_pensions","cash_values","fyear","outtrun",117245,"outtrun",125156,0.0331863784970468
"2530",2016,2017,"dhsc_tdel_less_pensions","cash_values","fyear","outtrun",120584,"outtrun",125156,0.0379154780070325
"2531",2013,2018,"dhsc_tdel_less_pensions","cash_values","fyear","outtrun",109775,"outtrun",128396,0.0318334664665973
"2532",2014,2018,"dhsc_tdel_less_pensions","cash_values","fyear","outtrun",113345,"outtrun",128396,0.0316616381881485
"2533",2015,2018,"dhsc_tdel_less_pensions","cash_values","fyear","outtrun",117245,"outtrun",128396,0.0307477316014728
"2534",2016,2018,"dhsc_tdel_less_pensions","cash_values","fyear","outtrun",120584,"outtrun",128396,0.0318840605368265
"2535",2017,2018,"dhsc_tdel_less_pensions","cash_values","fyear","outtrun",125156,"outtrun",128396,0.0258876921601841
"2536",2013,2019,"dhsc_tdel_less_pensions","cash_values","fyear","outtrun",109775,"outtrun",135605,0.0358464362119397
"2537",2014,2019,"dhsc_tdel_less_pensions","cash_values","fyear","outtrun",113345,"outtrun",135605,0.0365127943642032
"2538",2015,2019,"dhsc_tdel_less_pensions","cash_values","fyear","outtrun",117245,"outtrun",135605,0.0370396059897853
"2539",2016,2019,"dhsc_tdel_less_pensions","cash_values","fyear","outtrun",120584,"outtrun",135605,0.0399090050261617
"2540",2017,2019,"dhsc_tdel_less_pensions","cash_values","fyear","outtrun",125156,"outtrun",135605,0.0409072039411551
"2541",2018,2019,"dhsc_tdel_less_pensions","cash_values","fyear","outtrun",128396,"outtrun",135605,0.0561466089286271
"2542",2013,2020,"dhsc_tdel_less_pensions","cash_values","fyear","outtrun",109775,"outtrun",187759,0.0796913370982173
"2543",2014,2020,"dhsc_tdel_less_pensions","cash_values","fyear","outtrun",113345,"outtrun",187759,0.087759953873233
"2544",2015,2020,"dhsc_tdel_less_pensions","cash_values","fyear","outtrun",117245,"outtrun",187759,0.0987560679736039
"2545",2016,2020,"dhsc_tdel_less_pensions","cash_values","fyear","outtrun",120584,"outtrun",187759,0.117063263009382
"2546",2017,2020,"dhsc_tdel_less_pensions","cash_values","fyear","outtrun",125156,"outtrun",187759,0.144765053072184
"2547",2018,2020,"dhsc_tdel_less_pensions","cash_values","fyear","outtrun",128396,"outtrun",187759,0.209273775307661
"2548",2019,2020,"dhsc_tdel_less_pensions","cash_values","fyear","outtrun",135605,"outtrun",187759,0.384602337671915
"2549",2013,2021,"dhsc_tdel_less_pensions","cash_values","fyear","outtrun",109775,"outtrun",224271,0.0934116810953507
"2550",2014,2021,"dhsc_tdel_less_pensions","cash_values","fyear","outtrun",113345,"outtrun",224271,0.102398665825633
"2551",2015,2021,"dhsc_tdel_less_pensions","cash_values","fyear","outtrun",117245,"outtrun",224271,0.114157183587077
"2552",2016,2021,"dhsc_tdel_less_pensions","cash_values","fyear","outtrun",120584,"outtrun",224271,0.132131011139224
"2553",2017,2021,"dhsc_tdel_less_pensions","cash_values","fyear","outtrun",125156,"outtrun",224271,0.156992013833794
"2554",2018,2021,"dhsc_tdel_less_pensions","cash_values","fyear","outtrun",128396,"outtrun",224271,0.204316237310566
"2555",2019,2021,"dhsc_tdel_less_pensions","cash_values","fyear","outtrun",135605,"outtrun",224271,0.286022918283938
"2556",2020,2021,"dhsc_tdel_less_pensions","cash_values","fyear","outtrun",187759,"outtrun",224271,0.194462049755271
"2557",2013,2022,"dhsc_tdel_less_pensions","cash_values","fyear","outtrun",109775,"outtrun",203531,0.0710059961643936
"2558",2014,2022,"dhsc_tdel_less_pensions","cash_values","fyear","outtrun",113345,"outtrun",203531,0.0759163938379284
"2559",2015,2022,"dhsc_tdel_less_pensions","cash_values","fyear","outtrun",117245,"outtrun",203531,0.0819805708502879
"2560",2016,2022,"dhsc_tdel_less_pensions","cash_values","fyear","outtrun",120584,"outtrun",203531,0.0911642952985035
"2561",2017,2022,"dhsc_tdel_less_pensions","cash_values","fyear","outtrun",125156,"outtrun",203531,0.102137497310996
"2562",2018,2022,"dhsc_tdel_less_pensions","cash_values","fyear","outtrun",128396,"outtrun",203531,0.122069527138991
"2563",2019,2022,"dhsc_tdel_less_pensions","cash_values","fyear","outtrun",135605,"outtrun",203531,0.144945868897756
"2564",2020,2022,"dhsc_tdel_less_pensions","cash_values","fyear","outtrun",187759,"outtrun",203531,0.0411538308714221
"2565",2021,2022,"dhsc_tdel_less_pensions","cash_values","fyear","outtrun",224271,"outtrun",203531,-0.09247740456858
"2566",2013,2023,"dhsc_tdel_less_pensions","cash_values","fyear","outtrun",109775,"outtrun",200190,0.0619251179337623
"2567",2014,2023,"dhsc_tdel_less_pensions","cash_values","fyear","outtrun",113345,"outtrun",200190,0.0652434937311543
"2568",2015,2023,"dhsc_tdel_less_pensions","cash_values","fyear","outtrun",117245,"outtrun",200190,0.0691619786983055
"2569",2016,2023,"dhsc_tdel_less_pensions","cash_values","fyear","outtrun",120584,"outtrun",200190,0.0751037700002011
"2570",2017,2023,"dhsc_tdel_less_pensions","cash_values","fyear","outtrun",125156,"outtrun",200190,0.0814300937245143
"2571",2018,2023,"dhsc_tdel_less_pensions","cash_values","fyear","outtrun",128396,"outtrun",200190,0.0928943407508098
"2572",2019,2023,"dhsc_tdel_less_pensions","cash_values","fyear","outtrun",135605,"outtrun",200190,0.102279344098007
"2573",2020,2023,"dhsc_tdel_less_pensions","cash_values","fyear","outtrun",187759,"outtrun",200190,0.0215991870772707
"2574",2021,2023,"dhsc_tdel_less_pensions","cash_values","fyear","outtrun",224271,"outtrun",200190,-0.0552114311878293
"2575",2022,2023,"dhsc_tdel_less_pensions","cash_values","fyear","outtrun",203531,"outtrun",200190,-0.0164151898236632
"2576",2013,2024,"dhsc_tdel_less_pensions","cash_values","fyear","outtrun",109775,"planned",201949,0.0569808394599343
"2577",2014,2024,"dhsc_tdel_less_pensions","cash_values","fyear","outtrun",113345,"planned",201949,0.0594584618659124
"2578",2015,2024,"dhsc_tdel_less_pensions","cash_values","fyear","outtrun",117245,"planned",201949,0.0622790030864702
"2579",2016,2024,"dhsc_tdel_less_pensions","cash_values","fyear","outtrun",120584,"planned",201949,0.0665813921644958
"2580",2017,2024,"dhsc_tdel_less_pensions","cash_values","fyear","outtrun",125156,"planned",201949,0.0707406491023685
"2581",2018,2024,"dhsc_tdel_less_pensions","cash_values","fyear","outtrun",128396,"planned",201949,0.0784045266111812
"2582",2019,2024,"dhsc_tdel_less_pensions","cash_values","fyear","outtrun",135605,"planned",201949,0.0829120861048294
"2583",2020,2024,"dhsc_tdel_less_pensions","cash_values","fyear","outtrun",187759,"planned",201949,0.0183808775940382
"2584",2021,2024,"dhsc_tdel_less_pensions","cash_values","fyear","outtrun",224271,"planned",201949,-0.0343430678867566
"2585",2022,2024,"dhsc_tdel_less_pensions","cash_values","fyear","outtrun",203531,"planned",201949,-0.00389396734853842
"2586",2023,2024,"dhsc_tdel_less_pensions","cash_values","fyear","outtrun",200190,"planned",201949,0.00878665267995404
"2587",2013,2025,"dhsc_tdel_less_pensions","cash_values","fyear","outtrun",109775,"planned",210967,0.055948141402359
"2588",2014,2025,"dhsc_tdel_less_pensions","cash_values","fyear","outtrun",113345,"planned",210967,0.0581040536958375
"2589",2015,2025,"dhsc_tdel_less_pensions","cash_values","fyear","outtrun",117245,"planned",210967,0.0605032886601902
"2590",2016,2025,"dhsc_tdel_less_pensions","cash_values","fyear","outtrun",120584,"planned",210967,0.0641225561372754
"2591",2017,2025,"dhsc_tdel_less_pensions","cash_values","fyear","outtrun",125156,"planned",210967,0.0674446295408841
"2592",2018,2025,"dhsc_tdel_less_pensions","cash_values","fyear","outtrun",128396,"planned",210967,0.0735171940284651
"2593",2019,2025,"dhsc_tdel_less_pensions","cash_values","fyear","outtrun",135605,"planned",210967,0.0764399416275596
"2594",2020,2025,"dhsc_tdel_less_pensions","cash_values","fyear","outtrun",187759,"planned",210967,0.0235822654734108
"2595",2021,2025,"dhsc_tdel_less_pensions","cash_values","fyear","outtrun",224271,"planned",210967,-0.0151720811278137
"2596",2022,2025,"dhsc_tdel_less_pensions","cash_values","fyear","outtrun",203531,"planned",210967,0.012032952305991
"2597",2023,2025,"dhsc_tdel_less_pensions","cash_values","fyear","outtrun",200190,"planned",210967,0.0265641031299784
"2598",2024,2025,"dhsc_tdel_less_pensions","cash_values","fyear","planned",201949,"planned",210967,0.0446548385978638
"2599",2013,2026,"dhsc_tdel_less_pensions","cash_values","fyear","outtrun",109775,"planned",220367,0.0550674857842777
"2600",2014,2026,"dhsc_tdel_less_pensions","cash_values","fyear","outtrun",113345,"planned",220367,0.0569684305964475
"2601",2015,2026,"dhsc_tdel_less_pensions","cash_values","fyear","outtrun",117245,"planned",220367,0.0590435973275376
"2602",2016,2026,"dhsc_tdel_less_pensions","cash_values","fyear","outtrun",120584,"planned",220367,0.0621495937229186
"2603",2017,2026,"dhsc_tdel_less_pensions","cash_values","fyear","outtrun",125156,"planned",220367,0.0648769625280172
"2604",2018,2026,"dhsc_tdel_less_pensions","cash_values","fyear","outtrun",128396,"planned",220367,0.0698536757877879
"2605",2019,2026,"dhsc_tdel_less_pensions","cash_values","fyear","outtrun",135605,"planned",220367,0.0718262967468959
"2606",2020,2026,"dhsc_tdel_less_pensions","cash_values","fyear","outtrun",187759,"planned",220367,0.0270485315252866
"2607",2021,2026,"dhsc_tdel_less_pensions","cash_values","fyear","outtrun",224271,"planned",220367,-0.00350600032541204
"2608",2022,2026,"dhsc_tdel_less_pensions","cash_values","fyear","outtrun",203531,"planned",220367,0.0200677051760458
"2609",2023,2026,"dhsc_tdel_less_pensions","cash_values","fyear","outtrun",200190,"planned",220367,0.032526943493411
"2610",2024,2026,"dhsc_tdel_less_pensions","cash_values","fyear","planned",201949,"planned",220367,0.0446057839579508
"2611",2025,2026,"dhsc_tdel_less_pensions","cash_values","fyear","planned",210967,"planned",220367,0.0445567316215332
"2612",2013,2027,"dhsc_tdel_less_pensions","cash_values","fyear","outtrun",109775,"planned",230467,0.0544051576844642
"2613",2014,2027,"dhsc_tdel_less_pensions","cash_values","fyear","outtrun",113345,"planned",230467,0.0561076372005349
"2614",2015,2027,"dhsc_tdel_less_pensions","cash_values","fyear","outtrun",117245,"planned",230467,0.0579363386549581
"2615",2016,2027,"dhsc_tdel_less_pensions","cash_values","fyear","outtrun",120584,"planned",230467,0.0606557732833539
"2616",2017,2027,"dhsc_tdel_less_pensions","cash_values","fyear","outtrun",125156,"planned",230467,0.0629570272188607
"2617",2018,2027,"dhsc_tdel_less_pensions","cash_values","fyear","outtrun",128396,"planned",230467,0.0671576545129315
"2618",2019,2027,"dhsc_tdel_less_pensions","cash_values","fyear","outtrun",135605,"planned",230467,0.0685420824937439
"2619",2020,2027,"dhsc_tdel_less_pensions","cash_values","fyear","outtrun",187759,"planned",230467,0.029711176102976
"2620",2021,2027,"dhsc_tdel_less_pensions","cash_values","fyear","outtrun",224271,"planned",230467,0.00455242144851709
"2621",2022,2027,"dhsc_tdel_less_pensions","cash_values","fyear","outtrun",203531,"planned",230467,0.0251694044260742
"2622",2023,2027,"dhsc_tdel_less_pensions","cash_values","fyear","outtrun",200190,"planned",230467,0.035837411064239
"2623",2024,2027,"dhsc_tdel_less_pensions","cash_values","fyear","planned",201949,"planned",230467,0.0450145738918986
"2624",2025,2027,"dhsc_tdel_less_pensions","cash_values","fyear","planned",210967,"planned",230467,0.0451944879904032
"2625",2026,2027,"dhsc_tdel_less_pensions","cash_values","fyear","planned",220367,"planned",230467,0.0458326337428019
"2626",2013,2028,"dhsc_tdel_less_pensions","cash_values","fyear","outtrun",109775,"planned",241367,0.0539296674170502
"2627",2014,2028,"dhsc_tdel_less_pensions","cash_values","fyear","outtrun",113345,"planned",241367,0.0554757309897813
"2628",2015,2028,"dhsc_tdel_less_pensions","cash_values","fyear","outtrun",117245,"planned",241367,0.0571139706408872
"2629",2016,2028,"dhsc_tdel_less_pensions","cash_values","fyear","outtrun",120584,"planned",241367,0.0595359182351534
"2630",2017,2028,"dhsc_tdel_less_pensions","cash_values","fyear","outtrun",125156,"planned",241367,0.0615236054922248
"2631",2018,2028,"dhsc_tdel_less_pensions","cash_values","fyear","outtrun",128396,"planned",241367,0.0651545818044572
"2632",2019,2028,"dhsc_tdel_less_pensions","cash_values","fyear","outtrun",135605,"planned",241367,0.0661601983251567
"2633",2020,2028,"dhsc_tdel_less_pensions","cash_values","fyear","outtrun",187759,"planned",241367,0.0318929400292416
"2634",2021,2028,"dhsc_tdel_less_pensions","cash_values","fyear","outtrun",224271,"planned",241367,0.0105500425964953
"2635",2022,2028,"dhsc_tdel_less_pensions","cash_values","fyear","outtrun",203531,"planned",241367,0.0288243180861247
"2636",2023,2028,"dhsc_tdel_less_pensions","cash_values","fyear","outtrun",200190,"planned",241367,0.0381189112568725
"2637",2024,2028,"dhsc_tdel_less_pensions","cash_values","fyear","planned",201949,"planned",241367,0.0455842829628028
"2638",2025,2028,"dhsc_tdel_less_pensions","cash_values","fyear","planned",210967,"planned",241367,0.0458942814792314
"2639",2026,2028,"dhsc_tdel_less_pensions","cash_values","fyear","planned",220367,"planned",241367,0.0465636985433786
"2640",2027,2028,"dhsc_tdel_less_pensions","cash_values","fyear","planned",230467,"planned",241367,0.0472952743776767
